0.999956,1.7298322e-05,1.2723503e-07,4.4614845e-07,2.1339889e-05,8.4243993e-07,1.1607397e-07,6.719141e-08,1.3651146e-07,2.8407158e-07,2.3935295e-06,9.806515e-07
0.99997103,1.3763409e-05,8.594844e-08,5.0501313e-07,1.0716981e-05,8.773616e-07,5.482558e-08,1.5975746e-07,1.585372e-07,8.634282e-07,5.235494e-07,1.2851187e-06
0.99997294,1.1283905e-05,7.274731e-08,4.2396906e-07,8.017077e-06,8.537036e-07,2.5625411e-08,9.768945e-08,1.9282233e-07,4.684805e-06,3.4364464e-07,9.569181e-07
2.1066532e-07,0.9999964,6.154926e-07,1.7017323e-08,2.4702308e-07,2.369735e-07,1.2855006e-08,1.8685427e-07,8.00795e-08,1.3159014e-06,3.2417108e-07,2.3003051e-07
6.972145e-07,0.9999871,3.5556905e-06,4.4004672e-08,5.610194e-07,5.069321e-07,5.2254048e-08,3.4965325e-07,2.2674087e-07,5.6642584e-06,7.3774015e-07,4.0202488e-07
3.7820152e-07,0.9999926,3.868669e-07,2.223104e-08,3.0838015e-07,2.9459167e-07,1.2450993e-08,1.9082005e-07,8.730231e-08,5.138091e-06,3.48597e-07,2.766757e-07
5.921993e-08,2.409124e-07,0.99993336,9.457088e-07,1.306203e-07,3.7299493e-08,5.542238e-08,6.385855e-05,1.4192133e-07,8.4585594e-07,2.8666193e-07,5.450437e-08
2.0057718e-07,2.3115826e-06,0.9989429,2.224257e-06,7.0342065e-07,2.1678197e-07,4.322995e-07,0.0010447182,5.2867534e-07,4.4152034e-06,1.1090756e-06,2.8815046e-07
6.797057e-07,6.380961e-06,0.9979201,2.2253846e-05,1.7102896e-06,8.5268175e-07,1.6561414e-06,0.002032956,1.3351275e-06,9.335313e-06,2.0792625e-06,7.614259e-07
3.3652686e-08,4.8825672e-09,6.515059e-08,0.9999995,1.036773e-08,4.0128544e-08,9.009672e-08,6.470214e-09,1.6339618e-07,1.0070339e-07,2.514179e-09,5.8018344e-08
3.742782e-08,5.242158e-09,5.91578e-08,0.9999995,9.625928e-09,6.0116804e-08,1.018992e-07,6.620708e-09,1.2206523e-07,9.645175e-08,2.6314315e-09,3.809947e-08
4.7796462e-08,5.053049e-09,5.5008876e-08,0.9999994,9.500435e-09,4.4331998e-08,1.0455788e-07,9.198781e-09,8.1673186e-08,9.459972e-08,2.23296e-09,6.316382e-08
9.695458e-07,5.8952196e-07,2.6039905e-07,8.6242935e-08,0.9999964,2.2345046e-07,1.612589e-07,5.6034423e-08,8.915857e-07,1.3866561e-07,1.9773713e-08,1.0114833e-07
1.4684039e-06,5.293952e-07,1.13709234e-07,1.0559277e-07,0.9999951,8.2504386e-08,1.9387375e-07,6.511514e-08,1.3892985e-06,1.7273231e-07,1.4429564e-08,6.6741075e-07
8.491017e-07,4.997236e-07,8.788525e-07,8.533754e-08,0.9999962,1.6268304e-07,7.988939e-08,6.051857e-08,9.522566e-07,1.4516736e-07,1.8341279e-08,7.963365e-08
1.7389868e-07,1.17202305e-07,4.8047877e-08,1.18186556e-07,2.1889174e-07,0.9999987,2.8705696e-08,1.5933813e-07,5.5161607e-08,2.2810555e-07,6.7727235e-08,2.7986655e-08
1.9083139e-07,1.269337e-07,4.078377e-08,1.797502e-07,1.6601332e-07,0.9999987,2.4759029e-08,1.6091606e-07,5.5350466e-08,2.5178431e-07,9.6511656e-08,3.316026e-08
2.010878e-07,1.5842362e-07,4.991861e-08,1.219664e-07,2.4922295e-07,0.9999981,3.216975e-08,5.710987e-07,7.7905206e-08,3.0497867e-07,1.1476251e-07,3.8338662e-08
1.4379738e-08,2.8778201e-08,7.793938e-08,8.565719e-07,4.1291177e-08,7.142237e-08,0.999998,1.9217012e-07,2.223946e-07,4.439768e-08,5.3861373e-07,2.0213767e-08
2.708131e-08,5.3121735e-08,1.7198266e-07,5.045058e-06,1.1703941e-07,3.1996996e-07,0.99999166,2.7227586e-07,6.072941e-07,9.939657e-08,1.6457444e-06,6.766697e-08
1.538826e-07,4.8020826e-07,1.8456923e-06,0.00054493506,1.7779582e-06,1.5586772e-06,0.9989064,2.6185608e-06,0.0005300337,1.8159064e-06,7.504096e-06,8.2125155e-07
3.224184e-08,5.048099e-08,2.9209355e-08,1.6875659e-07,5.066127e-08,4.4023672e-08,1.0035859e-07,0.99999917,9.524551e-08,1.2107485e-07,1.9696566e-08,1.1718492e-07
2.0267244e-07,8.9021356e-08,2.2497051e-08,1.2644549e-07,9.631766e-08,6.378764e-08,9.880019e-08,0.9999988,1.2943616e-07,1.6702013e-07,2.9386097e-08,1.1932441e-07
7.854133e-08,7.1334235e-08,1.8791226e-08,8.33449e-08,6.737848e-08,4.3554124e-08,6.7812316e-08,0.9999993,1.2252555e-07,1.4038918e-07,2.4040121e-08,8.817679e-08
2.472908e-08,2.2392963e-07,6.005778e-08,1.0948647e-08,1.6719996e-06,2.144147e-07,1.9561455e-08,1.6469734e-07,0.9999957,3.1210038e-07,1.4823808e-06,1.35329e-07
1.1882858e-08,1.3011913e-07,6.187956e-08,1.8301057e-08,1.6779347e-06,1.6975217e-07,3.4942385e-08,1.583946e-07,0.9999962,2.2302098e-07,1.1746044e-06,1.3753362e-07
1.0577428e-08,1.02272736e-07,6.080322e-08,3.2604643e-08,1.5845292e-06,1.7109227e-07,2.9255391e-08,1.3981666e-07,0.99999654,2.0613629e-07,9.843726e-07,1.3402624e-07
2.4292293e-08,1.5664021e-07,1.7112062e-07,2.1814142e-07,2.6900622e-07,5.268589e-07,4.4128164e-08,1.9257095e-06,3.967526e-07,0.99999535,2.2229077e-07,8.4514403e-07
1.7145624e-08,1.8374345e-07,2.0312281e-07,2.1627612e-07,2.6833058e-07,6.185601e-07,5.395123e-08,1.7924441e-06,4.323986e-07,0.9999945,5.2811964e-07,1.0753552e-06
2.512709e-08,1.6108099e-07,1.3942085e-07,1.8972034e-07,2.518677e-07,4.942705e-07,4.045501e-08,1.5656931e-06,3.4019084e-07,0.99999595,2.5221766e-07,5.8098453e-07
2.7821636e-07,4.586759e-07,2.5851332e-07,4.2367283e-08,2.9502418e-08,3.1149548e-07,1.9818465e-07,1.10033305e-07,2.4424123e-06,2.4783762e-07,0.99999535,2.3529489e-07
2.1111461e-07,4.919866e-07,2.728925e-07,4.0519897e-08,3.3007666e-08,1.9510857e-07,2.2427388e-07,1.0186798e-07,2.3213233e-06,2.5004078e-07,0.9999869,8.945918e-06
2.0458246e-07,4.578968e-07,2.9695917e-07,5.54583e-08,3.0170792e-08,2.452785e-07,2.0337349e-07,1.1213767e-07,2.7496353e-06,3.481446e-07,0.99998426,1.1036892e-05
7.9781245e-07,3.7040775e-07,1.08257574e-07,9.418143e-07,5.236185e-07,8.570071e-08,1.9019664e-07,1.8951441e-07,6.401238e-07,7.5957513e-07,1.8211175e-07,0.99999523
6.448648e-07,3.4175818e-07,1.2134782e-07,1.2420485e-06,3.2228655e-07,8.7027864e-08,1.9539523e-07,1.17980136e-07,7.199148e-07,8.107948e-07,5.797718e-07,0.9999949
4.332362e-07,3.4114402e-07,1.09327196e-07,4.7873726e-07,3.042354e-07,8.408203e-08,1.563834e-07,1.4433145e-07,6.6455874e-07,1.5188244e-06,1.0624076e-06,0.99999475
0.9998807,8.1961436e-05,1.587256e-07,1.1348352e-06,2.1591417e-05,2.051035e-06,1.9179971e-07,6.0843795e-06,3.4402737e-07,1.9147888e-06,6.759854e-07,3.169974e-06
0.9999176,6.08643e-05,1.03632686e-07,6.0939277e-07,1.4290526e-05,1.2040092e-06,1.2080882e-07,1.804115e-06,2.0481521e-07,1.0615368e-06,4.788259e-07,1.5803115e-06
0.99978596,0.00017467813,1.5151244e-07,8.4414876e-07,2.3574219e-05,1.8485124e-06,1.774625e-07,6.265405e-06,2.8149844e-07,1.9275437e-06,7.620832e-07,3.627439e-06
1.13665045e-07,0.99999845,1.4401422e-07,1.3142046e-08,1.6591325e-07,2.3181987e-07,3.0858093e-08,1.1931084e-07,4.171566e-08,6.416211e-08,3.0364896e-07,1.6799758e-07
2.3292586e-07,0.9999982,3.3796815e-07,1.575013e-08,2.3786671e-07,2.0437375e-07,2.309573e-08,5.5848542e-08,4.9738137e-08,1.4471222e-07,2.9047365e-07,1.4789029e-07
2.571587e-07,0.9999982,3.5080177e-07,1.5826197e-08,2.3864314e-07,2.2827562e-07,1.9591711e-08,7.800915e-08,4.7345e-08,1.4429767e-07,3.0564314e-07,1.6894113e-07
4.6086743e-08,1.1455504e-07,0.9999864,1.1788752e-06,1.0532593e-07,2.5492133e-08,2.7741521e-08,1.1436577e-05,7.261617e-08,4.676875e-07,1.6834245e-07,3.55832e-08
4.7296183e-08,2.2829416e-07,0.9998343,7.0572895e-07,1.3929028e-07,4.861544e-08,4.113696e-08,0.00016345498,1.2309816e-07,6.523659e-07,2.844344e-07,4.615107e-08
5.2878608e-08,2.3735934e-07,0.9998599,1.0764201e-06,1.10424146e-07,4.3978517e-08,4.4868248e-08,0.00013740877,1.2551395e-07,8.057778e-07,2.9215445e-07,5.4053867e-08
4.189279e-08,5.4837574e-09,3.2591373e-08,0.9999995,9.176806e-09,5.3039738e-08,7.445882e-08,6.538683e-09,6.036717e-08,8.5839815e-08,2.3402742e-09,6.257827e-08
2.7749612e-08,5.2872546e-09,5.348674e-08,0.9999995,1.09278675e-08,6.297424e-08,7.667206e-08,6.3511587e-09,1.3577498e-07,8.644362e-08,2.6377835e-09,4.2729813e-08
4.026416e-08,5.5477516e-09,1.0234289e-07,0.9999993,8.24696e-09,3.255744e-08,2.333363e-07,1.15405845e-08,4.4699636e-08,8.59689e-08,2.218103e-09,7.660114e-08
1.0173254e-06,6.075683e-07,2.6907321e-06,1.0574582e-07,0.9999939,1.2372385e-07,1.3150996e-07,5.695579e-08,1.0507184e-06,1.7700513e-07,1.8136925e-08,9.477096e-08
1.2362057e-06,5.7827896e-07,5.213131e-07,1.498155e-07,0.99999547,1.9145804e-07,1.805215e-07,7.0157746e-08,1.3071211e-06,1.7699242e-07,2.2793053e-08,1.0592847e-07
1.4283476e-06,4.7104146e-07,5.939402e-07,1.873032e-07,0.9999949,1.18792e-07,1.8094867e-07,6.983355e-08,1.4931015e-06,1.9739046e-07,1.8360959e-08,3.011855e-07
3.8139592e-07,1.7449392e-07,7.9549835e-08,1.17117725e-05,2.4458342e-07,0.9999863,3.132679e-07,1.3751823e-07,9.795011e-08,4.7701053e-07,1.0076854e-07,4.8340972e-08
7.1618496e-07,2.9528013e-07,1.482037e-07,1.6903587e-05,4.0963576e-07,0.99997985,1.9800834e-07,2.9066925e-07,1.385062e-07,7.93628e-07,1.9861903e-07,1.2439057e-07
1.5379841e-06,6.3043666e-07,4.74753e-07,0.00017762378,4.886503e-07,0.9998135,4.255281e-07,2.4785293e-06,2.8111157e-07,1.8734257e-06,2.472744e-07,4.8836193e-07
9.4492634e-08,1.0804665e-06,6.2808944e-08,4.7640565e-08,1.09135435e-07,6.788974e-08,0.99999774,4.8749026e-08,5.3804655e-08,4.1333323e-08,6.052839e-07,2.5239196e-08
2.991062e-08,5.983759e-08,1.7159435e-07,1.7613176e-07,2.6167706e-07,1.9457003e-07,0.9999981,9.172825e-08,1.0004334e-07,4.6060478e-08,8.169088e-07,3.9947118e-08
1.8417216e-08,4.0618566e-08,6.678591e-08,9.911443e-08,5.802648e-08,8.981491e-08,0.99999857,1.1174854e-07,7.270325e-08,3.4900506e-08,8.490616e-07,2.191784e-08
1.9851038e-08,3.8704584e-08,3.474039e-08,4.7374138e-07,4.27916e-08,5.806147e-08,1.14558524e-07,0.9999987,1.0783671e-07,1.4327917e-07,2.0376012e-08,2.6531993e-07
1.1253096e-07,2.008681e-07,1.1678481e-07,2.4369823e-05,1.19016086e-07,1.0714625e-06,6.032607e-07,0.99995875,3.5313315e-07,5.608943e-07,6.874748e-08,1.3658204e-05
7.6307956e-08,7.8994965e-08,1.8316843e-08,4.119956e-07,1.08464995e-07,6.1625045e-08,1.2629538e-07,0.9999963,2.4554362e-07,2.0523491e-07,3.8354464e-08,2.3111375e-06
1.6743618e-08,1.5741834e-07,5.5481177e-08,1.46749946e-08,1.6538249e-06,1.70171e-07,2.4772712e-08,1.3801491e-07,0.9999962,2.5963945e-07,1.1978274e-06,1.2673453e-07
1.0861784e-08,8.940598e-08,3.8353704e-08,1.884151e-08,1.0219371e-06,1.2216876e-07,4.8298848e-08,1.2036914e-07,0.9999975,1.4573267e-07,8.014548e-07,7.9180445e-08
1.6094074e-08,1.2193394e-07,4.277795e-08,3.4303753e-08,1.0999316e-06,1.2660914e-07,1.0010465e-06,1.6276094e-07,0.9999962,1.5372437e-07,9.600602e-07,7.045939e-08
1.5340211e-07,1.6486281e-07,9.009062e-08,2.9351995e-07,2.7674488e-07,3.8617216e-07,3.5128245e-08,1.1687822e-06,3.2480864e-07,0.99999666,5.394661e-08,4.2398602e-07
1.3739731e-07,1.8229477e-07,9.9535356e-08,3.3719166e-07,2.87726e-07,4.098602e-07,3.444124e-08,1.316858e-06,3.4218007e-07,0.9999964,5.652207e-08,4.223136e-07
1.3949277e-07,1.1710967e-07,1.0155566e-07,4.0341985e-07,2.8591828e-07,4.0949934e-07,3.16395e-08,1.095621e-06,4.148443e-07,0.99999666,5.062202e-08,2.9765891e-07
2.8602545e-07,5.7832204e-07,3.1556226e-07,4.638622e-08,4.208532e-08,2.7358593e-07,2.853601e-07,1.2164396e-07,2.5320073e-06,6.3414507e-07,0.9999918,3.1113705e-06
9.026592e-07,2.262789e-06,1.3737668e-06,3.5045107e-07,2.5414724e-07,5.244132e-07,1.1480025e-06,5.788236e-07,9.796782e-06,9.342113e-06,0.9978454,0.0021279673
1.8573994e-07,7.3164153e-07,5.320399e-07,6.619964e-08,6.880563e-08,2.293685e-07,3.4478555e-07,1.8769047e-07,3.0659182e-06,4.133347e-06,0.9999325,5.7953217e-05
1.572057e-06,4.793013e-07,1.2190071e-07,8.644743e-07,7.422813e-07,7.6721335e-08,4.3743714e-07,2.8867674e-07,8.761631e-07,6.694981e-07,4.7332932e-07,0.99999356
1.2895505e-06,4.5275118e-07,1.2871355e-07,9.050945e-07,1.0392578e-06,8.500156e-08,3.2535738e-07,2.3522922e-07,7.84348e-07,8.3222886e-07,1.5061879e-07,0.9999938
1.5225063e-06,4.9690146e-07,1.5258009e-07,9.936897e-07,1.2103903e-06,9.00268e-08,3.8617026e-07,4.1151662e-07,9.007554e-07,2.0708671e-06,1.2732818e-07,0.9999918
0.9999844,4.553874e-06,6.113134e-08,6.1119414e-07,4.0698683e-06,8.859259e-07,4.7758018e-08,1.8730885e-06,3.037006e-07,2.2464699e-06,1.7878548e-07,7.6618824e-07
0.99998593,1.8209366e-06,7.904765e-08,2.3665566e-06,2.747658e-06,9.1107415e-07,1.7029686e-07,9.811663e-07,4.797321e-07,3.5907717e-06,2.4789628e-07,7.084296e-07
0.9999813,3.7968234e-06,1.1246591e-07,2.9025705e-06,3.464156e-06,9.0443086e-07,5.433615e-07,9.408047e-07,1.0430406e-06,3.6270162e-06,2.8363644e-07,1.063832e-06
5.016126e-07,0.99999726,4.0219385e-07,2.3195392e-08,2.3768938e-07,2.634389e-07,3.5700702e-07,6.085733e-08,1.2403356e-07,1.6122182e-07,4.8618284e-07,1.8626676e-07
3.6321205e-07,0.9999976,5.11758e-07,1.933776e-08,2.0351045e-07,2.416076e-07,1.9377516e-07,5.4711187e-08,8.0543124e-08,1.2173473e-07,4.0142763e-07,1.6077921e-07
3.8188836e-07,0.99999774,4.2267877e-07,1.9989931e-08,2.1116665e-07,2.3116642e-07,1.6851061e-07,6.1744075e-08,1.0955234e-07,1.7176424e-07,4.168153e-07,1.7661394e-07
1.5246262e-07,2.0746702e-07,0.9999646,2.4270745e-05,3.5603654e-07,1.9093986e-06,2.5526157e-07,6.9717853e-06,1.2132796e-07,9.440524e-07,1.9514964e-07,7.2775286e-08
1.564553e-07,4.220858e-07,0.9999614,9.977146e-06,5.548663e-07,2.9820203e-06,2.057653e-07,2.2591335e-05,1.8242542e-07,1.2863436e-06,2.6259266e-07,8.109018e-08
1.0366068e-07,5.6107206e-07,0.9999875,7.363722e-06,2.5584407e-07,7.766137e-08,2.8995242e-07,2.432013e-06,1.4480246e-07,1.0651024e-06,2.3966643e-07,6.485955e-08
7.6977315e-08,7.838105e-09,1.0881723e-07,0.999998,1.7048407e-08,1.1702509e-07,1.201541e-06,1.5253672e-08,1.07663794e-07,1.17899624e-07,5.5371943e-09,2.6818188e-07
4.4098474e-08,1.5331397e-08,1.8728852e-07,0.9999956,4.0662474e-08,2.0528174e-07,2.2296674e-06,3.0303088e-08,1.3557526e-06,2.222444e-07,1.0813559e-08,8.9166534e-08
3.1166945e-08,5.7446905e-09,2.3474688e-07,0.99999917,8.9746415e-09,9.3273506e-08,2.1493587e-07,2.2808095e-08,8.66625e-08,8.0051315e-08,2.9032547e-09,4.019042e-08
3.2193457e-05,1.1938077e-05,0.00011108391,2.309305e-05,0.9994382,0.00019274249,0.00015364557,6.4182273e-06,1.5957312e-05,6.0487755e-06,5.832418e-07,8.054147e-06
1.8685291e-06,6.8484815e-07,1.437635e-07,1.4538033e-07,0.99999344,4.8609706e-07,5.472471e-07,6.3754094e-08,1.5602873e-06,2.5174774e-07,3.1274666e-08,7.436182e-07
7.5898115e-06,2.5150357e-06,7.085309e-07,5.877194e-07,0.9999467,2.8053892e-05,1.901518e-06,8.953467e-07,5.096754e-06,1.0446481e-06,6.0851235e-08,4.9595474e-06
5.567761e-07,4.099119e-07,1.2449864e-07,2.0899428e-07,1.3638163e-06,0.9999938,1.9419097e-06,4.8020047e-07,1.5910246e-07,5.74225e-07,2.9064307e-07,2.0444946e-07
1.557033e-07,1.3938133e-07,3.8305053e-08,2.623452e-08,1.668149e-07,0.99999845,4.79543e-08,2.6791102e-07,7.491316e-08,2.3185457e-07,3.6921088e-07,1.6578854e-08
1.9251416e-07,1.4050077e-07,3.714031e-08,2.072265e-07,1.0456726e-07,0.9999976,3.173616e-07,6.017597e-07,6.19524e-08,2.7615567e-07,4.976684e-07,5.3679695e-08
8.318471e-08,1.9363488e-07,1.5206287e-07,1.2174696e-07,1.8850247e-07,1.11148815e-07,0.9999962,2.169071e-07,7.681687e-08,7.971724e-08,2.2289119e-06,3.523682e-07
3.199978e-08,6.6497144e-08,8.897758e-08,7.954629e-08,1.1283619e-07,1.0917388e-07,0.99999714,2.3755089e-07,8.1197236e-08,5.0291277e-08,1.9486354e-06,6.888282e-08
9.2251625e-08,7.5137635e-08,9.032128e-08,1.2545765e-07,4.2462283e-08,1.3679791e-07,0.99999404,5.8712925e-07,2.8434192e-08,5.68964e-08,4.6509153e-06,4.2343796e-08
5.4481134e-08,6.791119e-08,4.5758167e-08,1.3181406e-06,5.7361856e-08,1.7340972e-07,2.2097079e-07,0.99999523,2.0972992e-07,2.4763912e-07,4.2510713e-08,2.412452e-06
4.3631585e-06,3.7607326e-06,2.147665e-05,0.0015323324,2.4309845e-06,0.0035410903,3.2825334e-05,0.9948002,7.5781045e-06,2.1566175e-05,2.1831788e-06,3.0129175e-05
2.548664e-07,2.5986765e-07,6.2686576e-07,1.9004947e-05,1.5749946e-07,1.4534049e-06,1.05646595e-05,0.9999478,5.7256307e-07,9.100468e-07,2.8696476e-07,1.8009694e-05
1.9621668e-08,1.6772815e-07,5.1743957e-08,1.2719813e-08,1.3996654e-06,1.7089053e-07,2.852862e-08,1.904203e-07,0.9999964,2.4662177e-07,1.1111806e-06,1.284614e-07
7.863037e-06,3.123207e-05,5.0366526e-07,3.9561425e-07,1.4877459e-05,2.1732033e-06,1.1544543e-05,1.4579821e-06,0.99991727,2.7065923e-06,8.963477e-06,1.0625462e-06
2.2580872e-07,2.404923e-07,6.772085e-08,3.9316838e-08,2.5863226e-06,2.81894e-07,2.7919295e-08,2.4075757e-07,0.99999416,4.8430985e-07,1.2812861e-06,2.3770656e-07
9.57871e-08,3.503914e-07,8.160789e-08,1.3229187e-07,2.6527616e-07,3.860445e-07,2.346858e-08,1.2249494e-06,2.4946308e-07,0.9999969,6.360128e-08,1.9690464e-07
2.7243644e-07,7.4651956e-07,8.843695e-08,1.5763622e-07,3.632508e-07,4.0617536e-07,3.0259166e-08,9.0531114e-07,2.753554e-07,0.99999654,5.3446296e-08,2.592758e-07
1.18698495e-07,2.7068455e-07,7.792637e-08,1.3714552e-07,2.7423465e-07,3.4237874e-07,2.5475876e-08,1.1342844e-06,2.3472646e-07,0.999997,6.681625e-08,2.6315982e-07
3.7725013e-07,7.226832e-07,2.981091e-07,3.557534e-08,4.1999066e-08,8.313282e-07,2.9725967e-07,1.6271565e-07,2.4132532e-06,2.2667614e-07,0.9999944,1.8282158e-07
4.351385e-07,8.32718e-07,3.0366297e-07,3.385036e-08,4.8928577e-08,2.0995128e-06,4.1366627e-07,1.7657926e-07,2.363445e-06,1.8796297e-07,0.99999297,8.908487e-08
7.7711485e-07,1.7088255e-06,5.93874e-07,5.6487124e-08,1.4067174e-07,6.195002e-05,5.415004e-07,3.1655492e-07,3.963446e-06,3.7351182e-07,0.9999292,3.234523e-07
1.3451233e-05,2.0061623e-06,1.6830605e-06,0.0020225083,4.046492e-06,2.6686773e-06,4.485641e-06,2.4997566e-06,2.798156e-06,3.1111663e-06,9.5216386e-08,0.9979407
4.146878e-06,8.228208e-07,2.2413725e-07,2.857867e-06,1.1861537e-05,1.5428486e-07,6.310399e-07,3.4785978e-07,1.6440143e-06,8.307783e-07,2.9928916e-08,0.9999764
2.88805e-06,7.378407e-07,2.3332079e-07,1.017977e-05,1.8501665e-06,2.2018476e-07,8.546272e-07,9.2468423e-07,1.0481511e-06,5.8886974e-07,6.242401e-08,0.99998045
0.9999776,1.1955197e-05,6.6012355e-08,4.6257338e-07,7.532567e-06,7.2088613e-07,9.4767245e-08,9.380386e-08,9.684856e-08,4.1408816e-07,3.745637e-07,6.3229965e-07
0.9999881,4.443965e-06,7.012833e-08,5.9619026e-07,5.028881e-06,5.1360513e-07,8.7847134e-08,5.1531178e-08,1.412747e-07,2.9294466e-07,2.1223606e-07,5.583474e-07
0.9999883,3.53767e-06,8.0979994e-08,9.1660866e-07,5.0146487e-06,5.137023e-07,9.522885e-08,9.768816e-08,1.4960085e-07,3.9391875e-07,1.4999128e-07,7.391135e-07
3.7636473e-06,0.99986625,1.1120759e-06,1.7868732e-07,1.2629768e-06,1.2089638e-06,0.00012168004,2.1988096e-07,3.3526246e-07,2.8679145e-07,3.0534748e-06,6.50539e-07
2.3226587e-06,0.99997735,3.6122395e-07,7.890672e-08,5.8822695e-07,6.1818446e-07,1.6629818e-05,1.0033841e-07,1.2472856e-07,1.7713022e-07,1.3361433e-06,3.9103205e-07
1.2843805e-06,0.99999344,2.4719603e-07,4.4707214e-08,3.9582252e-07,3.714329e-07,2.9541413e-06,5.695826e-08,7.935415e-08,1.0749013e-07,7.5703116e-07,2.3830744e-07
1.2198176e-06,1.0706964e-06,0.99621886,6.262834e-05,1.3457419e-05,5.322688e-06,1.010546e-06,0.0036846634,1.5829679e-06,7.743593e-06,1.4242615e-06,9.3977815e-07
3.0544877e-06,4.853675e-06,0.97632706,0.0005003007,2.7592641e-05,2.7093656e-05,3.247311e-06,0.023079187,4.193505e-06,1.8573877e-05,3.2660078e-06,1.5974186e-06
5.8077926e-06,5.171324e-06,0.96814,0.007879605,7.867398e-06,0.001186083,6.738975e-06,0.022721684,4.94152e-06,3.533777e-05,4.7663743e-06,2.1100993e-06
4.694867e-08,5.105801e-09,7.606218e-08,0.9999994,9.970756e-09,4.9404065e-08,7.694631e-08,6.6349792e-09,1.1781325e-07,1.2177082e-07,2.3429179e-09,6.2980234e-08
4.1623647e-08,6.092815e-09,8.7389694e-08,0.99999917,1.2951615e-08,9.1408396e-08,2.6854048e-07,8.704479e-09,1.3768783e-07,9.417789e-08,3.3478267e-09,3.6698918e-08
4.8299484e-08,7.1434405e-09,5.7535548e-08,0.9999993,9.869885e-09,1.6283597e-07,2.6304173e-07,1.1145033e-08,6.536378e-08,1.0119166e-07,3.5313126e-09,5.3831737e-08
1.4367918e-06,3.7160697e-07,2.1071557e-07,1.307613e-07,0.9999927,3.217182e-06,1.9817809e-07,5.268226e-08,1.1832259e-06,1.7481301e-07,1.5271873e-08,2.5986918e-07
1.5683012e-06,3.4378112e-07,3.65103e-08,1.3274916e-07,0.9999943,5.499021e-07,3.0917926e-07,3.191819e-08,1.5408815e-06,1.8175815e-07,3.214086e-08,9.669194e-07
1.8314195e-06,4.2036922e-07,4.1280252e-08,1.1987883e-07,0.9999927,1.2157745e-06,5.106274e-07,3.293271e-08,1.5769028e-06,2.2942694e-07,5.3783456e-08,1.2275182e-06
1.6908677e-07,1.1944682e-07,4.5940574e-08,3.0876357e-08,2.941348e-07,0.9999988,4.0774985e-08,8.815086e-08,6.1274164e-08,1.9171009e-07,1.5128016e-07,1.7612727e-08
1.5310819e-07,1.2452523e-07,4.02881e-08,1.8009704e-08,2.8005675e-07,0.99999857,4.553543e-08,8.986614e-08,7.324874e-08,1.959483e-07,3.109699e-07,1.393927e-08
1.5463428e-07,1.3175283e-07,3.648087e-08,1.3464406e-08,3.1110397e-07,0.99999845,4.191257e-08,1.1059797e-07,7.586505e-08,2.0771877e-07,3.956509e-07,1.3424838e-08
2.6316608e-08,5.4238996e-08,6.6622526e-08,8.606152e-08,5.4494187e-08,1.3257383e-07,0.99999833,7.878792e-08,3.871269e-08,3.353987e-08,1.1625942e-06,2.052219e-08
3.863774e-08,9.282141e-08,1.7728584e-07,1.5036802e-07,1.6812771e-07,1.2998979e-07,0.99999833,7.8716425e-08,4.997588e-08,4.399576e-08,7.5635074e-07,3.381369e-08
8.1396166e-08,1.0282907e-07,2.7361213e-07,3.8989387e-07,7.6926113e-07,3.6988098e-07,0.9999969,1.7200013e-07,8.7072365e-08,7.795223e-08,6.816206e-07,1.2205106e-07
7.050414e-08,5.9377463e-08,3.7471402e-08,7.679791e-07,7.42913e-08,8.34356e-08,1.467567e-07,0.99999785,1.7196093e-07,2.2492321e-07,2.428105e-08,5.127552e-07
2.6265022e-08,5.338173e-08,6.088785e-08,1.7428998e-06,5.650206e-08,2.6202991e-07,1.5589697e-07,0.999997,1.5869018e-07,2.1470042e-07,2.1272132e-08,3.42711e-07
5.420489e-08,9.0238196e-08,5.158464e-08,1.671407e-06,1.1057143e-07,7.0872187e-07,4.5402166e-07,0.999995,2.4875513e-07,3.1283025e-07,2.8170676e-08,1.2530872e-06
7.338303e-09,1.1539868e-07,8.1031594e-08,3.4340268e-08,1.9495808e-06,2.209998e-07,2.4881095e-08,1.5009701e-07,0.9999958,2.2367523e-07,1.1633977e-06,1.5266293e-07
8.773075e-09,1.1321367e-07,6.410741e-08,2.0103117e-08,1.7219805e-06,1.8169578e-07,2.3274742e-08,1.3897818e-07,0.9999963,2.0987841e-07,1.1111678e-06,1.2949238e-07
9.730415e-09,1.1543924e-07,6.178051e-08,1.989682e-08,1.6394579e-06,1.7300304e-07,2.420112e-08,1.365387e-07,0.9999963,2.1229651e-07,1.0773556e-06,1.2407189e-07
5.230591e-07,7.7850143e-07,1.8363798e-07,9.893633e-07,5.413762e-07,5.775051e-07,9.131743e-08,9.476192e-07,5.1057566e-07,0.99999344,5.6387737e-08,1.2839126e-06
5.560786e-07,1.3845463e-06,9.011009e-08,2.9088113e-07,4.5851712e-07,4.37556e-07,5.169438e-08,6.21235e-07,3.0107933e-07,0.99999523,4.5043596e-08,3.5215453e-07
3.9523893e-06,5.4040817e-07,9.573156e-08,7.484986e-07,6.5557043e-07,5.3832645e-07,7.052235e-08,9.642025e-07,4.6372796e-07,0.99999094,5.0258844e-08,9.1092585e-07
3.2109995e-07,6.7672266e-07,2.536515e-07,2.6694543e-08,4.5971653e-08,1.5790434e-06,2.294008e-07,1.12669284e-07,2.283458e-06,1.8955976e-07,0.99999416,1.1579547e-07
2.4454167e-07,6.4950433e-07,2.3379924e-07,2.0870857e-08,3.770253e-08,1.9221875e-06,1.6085777e-07,1.0547066e-07,2.2147653e-06,1.7206557e-07,0.9999939,2.9426576e-07
8.402247e-07,1.300538e-06,5.079573e-07,9.837993e-08,1.2348576e-07,1.1913995e-06,7.045761e-07,2.0420596e-07,5.0586377e-06,3.8329284e-07,0.9998616,0.00012796634
1.1783734e-06,4.5245417e-07,1.1911857e-07,1.1206425e-06,1.0894618e-06,1.03787336e-07,2.8955378e-07,3.414427e-07,8.011315e-07,9.3112527e-07,1.41546e-07,0.99999356
1.8513575e-06,6.7708834e-07,9.4636896e-08,6.382933e-07,2.036e-06,1.0476508e-07,3.7552684e-07,2.0719325e-07,1.2580967e-06,4.8286375e-07,5.956957e-07,0.99999166
3.17916e-05,1.5749229e-05,1.9007553e-06,3.907289e-06,8.571405e-05,1.892362e-05,6.9341395e-06,1.3573092e-06,3.0154817e-05,5.5707865e-06,0.0004648328,0.9993331
0.99997854,5.5595883e-06,8.9688825e-08,6.6570817e-07,1.1041808e-05,7.3889976e-07,7.5241736e-08,1.4832129e-07,1.7454931e-07,6.733164e-07,6.814241e-07,1.6377084e-06
0.9999927,1.1657608e-06,5.0296713e-08,1.1614175e-06,2.282168e-06,5.3633045e-07,9.0920594e-08,1.606142e-08,3.027119e-07,1.0731596e-06,1.9629279e-07,3.1734072e-07
0.99996614,2.0787296e-05,8.1541586e-08,7.7276763e-07,9.356702e-06,7.2450524e-07,2.3247631e-07,2.1008435e-07,1.2450172e-07,4.2309173e-07,2.924947e-07,8.752254e-07
1.4278928e-05,0.98248947,3.4849665e-05,1.4670647e-06,8.138185e-06,8.385107e-06,0.01738857,2.8576558e-05,1.0957513e-06,1.0293277e-06,1.9107938e-05,4.987318e-06
2.895754e-05,0.9089768,0.00029020783,5.8112373e-06,2.7491827e-05,1.9996058e-05,0.09053454,2.8239867e-05,6.366286e-06,4.589738e-06,6.613388e-05,1.0820426e-05
3.5109373e-05,0.9137136,0.00037280432,1.0792847e-05,4.0552248e-05,3.021184e-05,0.0856243,3.1758358e-05,1.5263133e-05,8.705334e-06,0.00010200153,1.4978141e-05
8.495732e-07,9.22602e-06,0.95589364,1.7375695e-06,6.672436e-05,3.87592e-06,2.2732224e-06,0.044012364,2.1391518e-06,5.180483e-06,1.6253413e-06,3.4692053e-07
2.6342934e-07,1.1474517e-06,0.99983513,5.67608e-07,4.2116808e-05,1.485949e-07,7.197689e-07,0.00011844507,2.826467e-07,7.282735e-07,4.1393795e-07,4.9967248e-08
4.5898542e-08,2.2426507e-07,0.99999523,6.927021e-07,2.0782548e-07,3.1103873e-08,6.7871696e-08,3.0129636e-06,4.390928e-08,2.0837324e-07,1.7891294e-07,1.4163082e-08
1.5288524e-07,1.0664202e-08,6.8870506e-08,0.9999976,1.6119996e-08,8.101366e-08,2.7888993e-07,1.6899572e-08,5.695002e-08,1.7324169e-07,3.942043e-09,1.5432545e-06
1.2600668e-07,7.844154e-09,4.2294914e-08,0.9999987,1.38561695e-08,6.284615e-08,2.3332014e-07,8.0083e-09,4.352221e-08,1.1087447e-07,3.2087089e-09,6.215222e-07
4.9993286e-08,6.2599597e-09,5.191959e-08,0.9999994,1.0889062e-08,1.2418214e-07,1.5417605e-07,7.1356117e-09,8.8221384e-08,1.0078024e-07,2.7881115e-09,5.542689e-08
9.4183923e-07,1.0940175e-06,2.6921248e-07,8.3023174e-08,0.99999595,1.8164063e-07,1.1168878e-07,5.639347e-08,1.0713215e-06,1.5819107e-07,2.5790904e-08,5.1586063e-08
1.1313812e-06,1.8905519e-06,3.0078013e-07,9.39052e-08,0.99999475,2.7848037e-07,1.782541e-07,6.7166326e-08,1.1820575e-06,1.688526e-07,3.6751572e-08,3.634953e-08
9.3159804e-07,7.6506e-07,1.9268553e-07,8.288905e-08,0.99999666,1.5658888e-07,1.2036847e-07,4.8973668e-08,9.1478324e-07,1.415729e-07,2.360829e-08,5.5202225e-08
1.7303854e-07,1.5036545e-07,4.4179245e-08,1.785534e-08,5.676205e-07,0.99999833,3.2326916e-08,1.7842295e-07,8.6694e-08,2.2658949e-07,1.4239858e-07,1.7912033e-08
1.8326061e-07,1.5147656e-07,7.0091595e-08,2.9221088e-08,7.341086e-07,0.9999982,2.7867591e-08,1.9029736e-07,7.2622015e-08,2.094761e-07,6.6056415e-08,2.018557e-08
2.7775914e-07,2.433493e-07,1.2821174e-07,2.5291982e-08,4.0547234e-06,0.99999464,3.3356518e-08,2.384812e-07,1.186233e-07,2.6569333e-07,6.288499e-08,3.0775688e-08
2.2517996e-08,4.415652e-08,6.399285e-08,1.2527398e-07,6.1363515e-08,8.665287e-08,0.9999987,7.834544e-08,5.2189513e-08,3.3774583e-08,8.2291996e-07,1.9959545e-08
4.3572534e-08,1.4839837e-07,2.4326368e-07,4.4589177e-07,8.508383e-07,1.189588e-06,0.999987,4.100546e-07,3.1960112e-06,1.6243055e-07,6.214293e-06,1.7015661e-07
4.5853838e-08,6.0416795e-08,1.2811428e-07,2.1419432e-07,1.3121011e-07,1.0624716e-07,0.99999726,2.2537485e-07,4.448776e-08,5.00976e-08,1.6355133e-06,9.561318e-08
1.1007152e-07,3.5078133e-07,0.00018621999,1.4740663e-05,3.8740887e-07,2.7433965e-05,1.6785405e-07,0.99976844,5.4505483e-07,1.4075428e-06,1.0793842e-07,8.923031e-08
4.9436255e-07,3.7020857e-07,0.99931264,0.00019457888,7.180459e-07,1.293814e-05,2.7764705e-07,0.0004746757,3.922615e-07,2.4305477e-06,4.1841005e-07,7.212843e-08
1.53226e-07,5.434111e-07,0.9997569,1.7116108e-05,2.9956226e-07,3.152875e-07,1.8400837e-07,0.00022238269,2.367758e-07,1.271205e-06,4.6779383e-07,7.179641e-08
8.330583e-09,1.2115687e-07,6.139557e-08,3.3885943e-08,1.6625576e-06,1.6215303e-07,8.399209e-08,1.2361319e-07,0.9999964,1.819271e-07,1.0003492e-06,1.13990374e-07
9.714345e-09,1.1087556e-07,4.1314067e-08,2.5662912e-08,1.1402041e-06,1.3671472e-07,1.384543e-07,1.323771e-07,0.99999714,1.4238415e-07,9.195691e-07,8.346387e-08
8.021662e-09,8.474023e-08,5.4373576e-08,5.322841e-08,1.4386693e-06,1.5536206e-07,5.880071e-08,1.04616056e-07,0.9999969,1.7161003e-07,8.111863e-07,1.1114317e-07
1.0743949e-07,3.1191726e-07,1.03918445e-07,1.9812302e-07,3.064127e-07,4.011492e-07,2.9577572e-08,9.653595e-07,2.455363e-07,0.99999714,4.578584e-08,2.0353248e-07
7.303505e-08,2.226461e-07,1.1820979e-07,2.097161e-07,3.047065e-07,4.246348e-07,2.946299e-08,9.616712e-07,2.8164516e-07,0.999997,5.3842296e-08,2.0655574e-07
2.2527253e-07,4.0077293e-07,7.554815e-08,1.918978e-07,3.0868048e-07,3.9665835e-07,2.4088585e-08,8.660188e-07,2.709847e-07,0.99999714,3.9943497e-08,1.815049e-07
2.6924755e-07,3.3999945e-07,2.095381e-07,3.5966668e-08,2.9776837e-08,8.404636e-08,2.2436228e-07,8.658239e-08,1.8559488e-06,4.948836e-07,0.9999938,2.5489164e-06
3.677514e-06,1.2711051e-06,1.0331765e-06,6.3261155e-07,3.301364e-07,1.3142075e-06,1.4273113e-06,1.7632458e-06,1.0959341e-05,0.002086293,0.9978818,9.434497e-06
2.6793418e-07,3.8641076e-07,2.3398448e-07,3.7574296e-08,3.025601e-08,2.417354e-07,2.4153698e-07,1.1896472e-07,2.0181894e-06,7.75783e-07,0.99999535,3.1798834e-07
1.09395e-06,3.7583672e-07,1.266518e-07,5.199229e-07,3.4119464e-07,8.147619e-08,3.9631166e-07,3.1747805e-07,9.4862736e-07,2.6862388e-06,5.423015e-06,0.9999877
1.1336565e-06,4.1553199e-07,1.18862786e-07,1.2624295e-06,4.9624884e-07,1.2082167e-07,3.80807e-07,1.8782744e-07,7.9442486e-07,6.7675967e-07,7.544014e-07,0.99999356
1.1763974e-06,4.2804956e-07,1.4144373e-07,1.6434408e-06,4.3170598e-07,1.3002092e-07,2.9762455e-07,1.8097745e-07,7.4298396e-07,5.400294e-07,5.8193035e-07,0.9999937
0.99996245,2.4920151e-05,7.455454e-08,4.2419677e-07,8.5251695e-06,7.9559425e-07,4.8795307e-08,1.9665445e-07,1.531596e-07,9.3951735e-07,3.3047914e-07,1.101237e-06
0.9999652,1.7074362e-05,9.616739e-08,5.7395073e-07,9.665682e-06,9.62379e-07,6.7011946e-08,2.5945715e-07,2.16835e-07,3.601222e-06,5.296056e-07,1.7742028e-06
0.9999261,5.364083e-05,9.668152e-08,6.026344e-07,1.3193982e-05,1.0562218e-06,9.8628455e-08,8.682281e-07,1.7740885e-07,1.5514399e-06,5.3618936e-07,2.1013675e-06
2.7522725e-07,0.99999845,1.08474325e-07,1.6257756e-08,2.0792785e-07,2.0738048e-07,3.6207883e-08,5.2037716e-08,4.276809e-08,1.2313035e-07,3.0901458e-07,1.638843e-07
2.180248e-07,0.99999845,1.0128368e-07,1.5917808e-08,1.9649094e-07,2.0337967e-07,3.61444e-08,4.7684956e-08,4.4271285e-08,1.3098173e-07,3.0859758e-07,1.5494709e-07
2.180976e-07,0.99999845,1.4425876e-07,1.5380238e-08,2.1559491e-07,2.1086714e-07,3.250858e-08,5.478078e-08,4.1668102e-08,1.02548356e-07,2.9802163e-07,1.5510469e-07
6.037081e-08,1.5511006e-07,0.9999968,1.6563417e-06,2.8644428e-07,2.3591818e-08,1.7330268e-07,5.616035e-07,4.942476e-08,2.515261e-07,1.3921702e-07,2.0452328e-08
5.5577104e-08,1.8181889e-07,0.9999937,3.847277e-06,9.29207e-08,3.6312834e-08,1.4139881e-07,1.2637607e-06,5.1817295e-08,3.2857247e-07,1.8379325e-07,2.470772e-08
5.5780514e-08,3.5646522e-08,0.9999944,3.9911824e-06,9.5521585e-08,2.8973622e-08,4.2227263e-08,9.2251616e-07,3.956125e-08,2.634997e-07,1.1417684e-07,2.0010653e-08
5.436925e-08,5.075846e-09,4.7122892e-08,0.9999994,9.758211e-09,4.1311086e-08,1.093298e-07,8.050314e-09,8.14944e-08,9.44281e-08,2.2031938e-09,6.88521e-08
5.2651878e-08,5.1772715e-09,4.565018e-08,0.9999995,8.226837e-09,3.7375532e-08,8.845425e-08,8.560432e-09,4.78293e-08,8.80046e-08,2.0877173e-09,1.04065876e-07
4.7091273e-08,4.924599e-09,4.2982148e-08,0.9999995,8.153448e-09,4.2471992e-08,8.45864e-08,8.161273e-09,6.210538e-08,8.3324565e-08,2.0511481e-09,7.905567e-08
9.563415e-07,5.3693236e-07,1.6748939e-07,8.814394e-08,0.99999666,2.8346287e-07,8.085658e-08,4.2261203e-08,1.0029869e-06,1.5796687e-07,2.0748109e-08,8.972741e-08
9.394904e-07,5.29689e-07,1.1240587e-07,8.691323e-08,0.99999666,1.9127869e-07,9.4079624e-08,3.65773e-08,1.1130984e-06,1.5450843e-07,2.3230799e-08,1.1550095e-07
9.852242e-07,4.0905383e-07,9.161794e-08,9.627205e-08,0.9999963,3.659388e-07,9.218798e-08,3.2029916e-08,1.1334607e-06,1.6513152e-07,2.4762322e-08,1.893515e-07
1.467556e-07,1.12223816e-07,3.9653816e-08,4.7098695e-08,2.0593929e-07,0.9999988,2.0824395e-08,1.1339669e-07,6.8195966e-08,2.1290936e-07,1.5210388e-07,1.9578723e-08
1.6264994e-07,1.3261385e-07,4.290103e-08,2.309799e-08,3.357472e-07,0.9999987,2.433541e-08,1.1666379e-07,6.9740636e-08,2.2251314e-07,1.5360298e-07,2.2796037e-08
3.323825e-07,2.0862643e-07,1.4801522e-07,9.221707e-07,3.5043232e-07,0.99999654,3.930104e-08,5.2967476e-07,1.22075e-07,4.826935e-07,1.7934556e-07,4.5617405e-08
5.953051e-07,3.0332747e-05,7.336766e-08,8.4995236e-08,1.5404599e-07,1.64193e-07,0.9999671,7.63462e-08,1.0049578e-07,7.8449574e-08,1.279724e-06,5.7951432e-08
2.5103258e-08,6.0307976e-08,4.3181302e-08,6.911113e-08,4.28469e-08,3.983249e-08,0.9999988,6.172566e-08,8.739232e-08,3.5989977e-08,8.358904e-07,1.7417728e-08
1.9955195e-08,3.972048e-08,5.2664962e-08,1.2572933e-07,4.3279886e-08,6.027895e-08,0.9999981,7.7587714e-08,8.990382e-08,4.0816897e-08,1.406504e-06,2.678528e-08
6.900498e-08,5.2926726e-08,2.1547363e-08,2.4304768e-07,6.4317135e-08,5.6132013e-08,4.51735e-08,0.9999989,1.3986994e-07,1.5572341e-07,2.8860242e-08,1.8195497e-07
1.1989735e-07,9.714585e-08,1.8035966e-08,2.9345634e-07,1.6263128e-07,7.012532e-08,5.3666945e-08,0.99999654,2.5976163e-07,2.0522712e-07,3.844295e-08,2.163369e-06
1.6331317e-07,6.289353e-08,1.9593479e-08,2.5372404e-07,8.1296555e-08,4.713599e-08,6.444606e-08,0.9999988,1.6807746e-07,1.6988704e-07,3.0280944e-08,2.5418225e-07
1.2627345e-08,1.6747808e-07,6.9314495e-08,1.470716e-08,1.8449938e-06,1.9112866e-07,2.1364247e-08,1.4902244e-07,0.99999595,2.5982936e-07,1.1679779e-06,1.395419e-07
1.3261039e-08,1.3000326e-07,6.8953604e-08,2.6735204e-08,1.7398243e-06,2.030412e-07,1.525693e-08,1.3086192e-07,0.99999607,3.0654508e-07,1.112965e-06,1.5243602e-07
2.185338e-08,1.5204112e-07,6.130311e-08,2.0823347e-08,1.7211611e-06,1.8886885e-07,1.431991e-08,1.2265563e-07,0.9999962,3.5772746e-07,1.163762e-06,1.5168962e-07
3.42763e-08,1.9376981e-07,1.056449e-07,1.5357777e-07,2.4686582e-07,3.9573246e-07,3.4014487e-08,1.3204851e-06,2.8267297e-07,0.99999666,1.7208755e-07,4.1415922e-07
2.424565e-08,1.5911358e-07,1.2201347e-07,1.6564739e-07,2.398519e-07,4.4375858e-07,3.8752937e-08,1.4989229e-06,3.2884944e-07,0.99999607,3.2394937e-07,6.234809e-07
2.512781e-08,1.4387386e-07,1.1923093e-07,1.6014926e-07,2.418223e-07,4.6196828e-07,4.101058e-08,1.3372635e-06,3.3491642e-07,0.99999607,4.8506007e-07,6.797971e-07
4.4002016e-07,9.661678e-07,3.172243e-07,9.446273e-08,5.770427e-08,1.2624247e-07,3.9888423e-07,4.1611432e-07,3.1079314e-06,6.3506795e-06,0.9999311,5.6621346e-05
3.569043e-07,4.5008807e-07,2.0822014e-07,3.1207698e-08,3.2479914e-08,1.5380141e-07,2.6264698e-07,9.0661096e-08,2.1991832e-06,2.0284621e-07,0.9999956,3.7837978e-07
3.435909e-07,4.9689686e-07,2.1291541e-07,3.0208398e-08,3.4392446e-08,2.6530142e-07,2.7849364e-07,9.5713766e-08,2.1274464e-06,1.3812743e-07,0.9999958,1.7096835e-07
1.7888826e-06,5.972745e-07,9.510569e-08,6.1694146e-07,8.0171736e-07,8.0030524e-08,3.7976523e-07,5.409306e-07,1.2108537e-06,4.7485594e-07,2.1902574e-06,0.9999912
1.3957942e-06,4.6046367e-07,6.87439e-08,4.3145565e-07,1.2833239e-06,5.846339e-08,2.797753e-07,2.6030418e-07,7.534572e-07,3.767033e-07,1.9854124e-07,0.9999944
1.1479979e-06,4.738184e-07,8.7058034e-08,4.3795845e-07,9.163381e-07,6.5351365e-08,2.8341734e-07,3.898561e-07,7.6512833e-07,6.916005e-07,3.9976254e-07,0.9999944
0.9999924,1.7697879e-06,5.3057573e-08,6.908706e-07,3.093741e-06,5.0341396e-07,5.2037105e-08,1.9212036e-08,1.7501897e-07,8.278154e-07,1.8291661e-07,3.9465624e-07
0.9999865,3.3976182e-06,6.893059e-08,3.9871352e-07,7.285578e-06,5.607008e-07,3.5880074e-08,3.206738e-08,1.4908643e-07,6.1466113e-07,3.6981473e-07,5.5099025e-07
0.99998784,2.7732915e-06,6.233987e-08,5.0656956e-07,6.371533e-06,5.7084947e-07,4.3718668e-08,3.0238365e-08,1.6067878e-07,7.256772e-07,3.903636e-07,5.921223e-07
6.6025393e-07,0.99999714,1.5148608e-07,2.8582068e-08,3.593753e-07,2.71122e-07,5.685516e-07,4.8847472e-08,5.6471357e-08,6.4593266e-08,5.0006975e-07,1.8599002e-07
4.2502623e-07,0.9999981,7.650103e-08,1.9756369e-08,2.452127e-07,2.2982498e-07,1.1467815e-07,4.3665036e-08,4.087829e-08,7.6652206e-08,3.610076e-07,1.621318e-07
3.2973045e-07,0.99999833,5.355732e-08,1.7383304e-08,1.9111854e-07,2.0954064e-07,8.358616e-08,5.086785e-08,3.4424623e-08,8.3001524e-08,3.2265237e-07,1.5871822e-07
1.270072e-07,7.0586348e-06,0.9977677,2.231495e-06,8.7399684e-07,6.3288735e-07,1.299995e-07,0.0022171852,5.837876e-07,2.6520925e-06,7.0291946e-07,2.3525216e-07
2.1430651e-07,2.4930932e-05,0.99961495,1.6784807e-06,9.88016e-07,1.5799101e-06,1.4350489e-07,0.00035033762,6.999758e-07,3.368145e-06,9.593667e-07,1.7698058e-07
5.220875e-08,3.93602e-07,0.9999515,3.4968164e-06,2.216853e-07,1.866044e-07,5.1004683e-08,4.3231896e-05,1.03738046e-07,6.8268446e-07,1.7540597e-07,5.6449178e-08
7.457847e-08,7.3988744e-09,3.4880436e-08,0.9999993,9.222831e-09,1.03780806e-07,6.6958016e-08,1.6820236e-08,3.1733446e-08,9.574787e-08,2.4418731e-09,2.646014e-07
8.8086864e-08,8.051127e-09,2.9692439e-08,0.9999993,9.2441415e-09,1.5418206e-07,6.7266505e-08,2.4944569e-08,5.5125454e-08,1.2615479e-07,3.876221e-09,2.7372187e-07
9.08969e-08,8.668542e-09,2.7392066e-08,0.99999917,1.0577052e-08,1.478731e-07,6.7572294e-08,1.02190665e-08,3.8198415e-08,1.1732638e-07,3.021373e-09,3.124392e-07
2.4958724e-06,3.4095733e-06,5.1720217e-06,1.690957e-07,0.99995804,2.6731068e-05,2.1882607e-07,4.6264816e-07,2.5739287e-06,4.95519e-07,6.3080414e-08,6.962351e-08
1.1981637e-06,1.675492e-06,2.1402122e-05,9.880205e-08,0.99997175,1.8076589e-06,7.209331e-08,2.5225773e-07,1.3661775e-06,2.687386e-07,3.569892e-08,4.9050037e-08
9.584392e-07,1.0169881e-06,6.127955e-06,9.354394e-08,0.9999894,8.9649143e-07,6.372539e-08,1.0633552e-07,1.0885143e-06,2.182425e-07,2.5619187e-08,4.4184585e-08
1.5241638e-07,1.1142634e-07,4.0052054e-08,4.233415e-08,2.609588e-07,0.9999989,2.2901203e-08,1.1117881e-07,5.7248066e-08,1.9542135e-07,9.289815e-08,2.0937026e-08
3.7322755e-07,2.0543803e-07,9.641091e-08,3.8949497e-07,7.403647e-07,0.9999975,2.0956334e-08,1.0971416e-07,8.2674234e-08,3.48754e-07,4.3874554e-08,9.346194e-08
2.424325e-07,1.3175472e-07,7.618247e-08,3.3133617e-07,3.2875678e-07,0.99999845,2.2776257e-08,1.1313188e-07,5.7674924e-08,2.5247508e-07,4.6277833e-08,3.2608686e-08
7.8209064e-07,6.6223737e-07,4.1333506e-06,0.010439802,5.5342375e-06,5.86963e-06,0.98670083,3.3792292e-06,0.0027948176,4.430989e-06,3.821899e-05,1.5594708e-06
1.8869041e-06,3.3913361e-06,1.7894186e-05,0.5035626,3.961852e-05,2.0933894e-05,0.42466587,1.5899019e-05,0.071588695,2.9225654e-05,2.956001e-05,2.4376322e-05
5.9244528e-08,1.2434901e-07,2.380102e-07,1.6545813e-06,6.154252e-07,2.2341469e-07,0.9999232,2.3717207e-07,6.441481e-05,2.0928566e-07,8.5628135e-06,3.7533823e-07
2.5047357e-06,1.5008155e-06,3.975413e-06,0.1763885,1.5711785e-06,1.0930672e-05,2.9791597e-06,0.8235399,1.2937289e-05,1.2571616e-05,4.0559033e-07,2.2219197e-05
2.244698e-07,3.9820907e-08,7.4128245e-08,0.99999034,3.0621038e-08,8.521994e-06,1.4607282e-07,5.610188e-08,6.5411584e-08,3.0875316e-07,7.74447e-09,2.0705767e-07
5.0292388e-06,6.956248e-07,5.540755e-07,0.9997273,1.2038306e-06,0.00016357643,6.3713946e-07,2.2149678e-07,7.256327e-07,3.288114e-06,3.4691634e-08,9.664899e-05
1.2408863e-08,1.3169338e-07,6.7201164e-08,2.939135e-08,1.7527562e-06,1.9336565e-07,1.9243068e-08,1.0974061e-07,0.9999963,2.649731e-07,1.0287957e-06,1.3193826e-07
1.3133921e-08,1.5463938e-07,7.7472805e-08,3.4106197e-08,1.7884581e-06,2.2058272e-07,1.4780897e-08,1.0985241e-07,0.99999607,3.2657078e-07,1.1002011e-06,1.4536575e-07
2.3331355e-08,1.9393379e-07,6.816883e-08,2.0861183e-08,1.8689273e-06,2.1301757e-07,1.1564253e-08,1.1167577e-07,0.9999957,3.9897205e-07,1.2415627e-06,1.4927289e-07
6.253857e-08,4.510754e-07,2.4638055e-07,3.622388e-07,4.1868913e-07,7.233251e-07,1.08515685e-07,5.1841303e-06,9.826766e-07,0.9999734,2.260278e-06,1.5763093e-05
1.8604357e-08,2.9875042e-07,1.614445e-07,1.5165844e-07,2.624169e-07,5.09107e-07,4.231472e-08,1.7011942e-06,3.3508977e-07,0.9999957,2.7843123e-07,5.0719956e-07
1.9457374e-08,2.9211725e-07,1.6112749e-07,1.6352853e-07,2.7580379e-07,5.0639335e-07,4.353661e-08,1.6133163e-06,3.77333e-07,0.9999957,2.7016762e-07,6.4690977e-07
2.935248e-07,5.172562e-07,2.4868544e-07,3.513821e-08,3.2740232e-08,3.647392e-07,2.7645436e-07,8.053963e-08,2.193205e-06,1.2143829e-07,0.9999943,1.5842052e-06
3.1161562e-07,7.448661e-07,3.381307e-07,5.3297065e-08,4.5043052e-08,4.902925e-07,3.2476493e-07,1.3243498e-07,3.2877638e-06,2.5111186e-07,0.999987,6.9282423e-06
2.3265314e-07,5.0665915e-07,2.7729686e-07,4.5135046e-08,3.4025362e-08,2.0655355e-07,2.7676134e-07,9.586012e-08,2.799427e-06,2.3886938e-07,0.9999902,5.162667e-06
1.6920241e-06,5.764277e-07,3.4114845e-07,4.0636382e-06,1.6902293e-06,1.7331698e-07,3.6486762e-07,4.6444083e-07,9.78672e-07,8.8844087e-07,5.4308348e-08,0.9999887
1.161902e-06,4.9888644e-07,3.586781e-07,2.9790936e-06,1.0395514e-06,1.4880261e-07,3.0743652e-07,3.5377897e-07,8.8216837e-07,1.0093779e-06,9.8921056e-08,0.9999912
1.7869586e-06,6.09309e-07,2.446137e-07,1.7192635e-06,3.406643e-06,1.3977827e-07,3.3049577e-07,4.585824e-07,1.1634918e-06,1.2466026e-06,4.1454385e-08,0.9999889
0.9999229,6.965254e-06,3.033375e-07,1.1691496e-06,4.24161e-05,1.3249172e-06,5.410232e-07,2.556463e-07,3.3822477e-07,2.6439807e-07,2.1136158e-05,2.4299015e-06
0.9999726,4.3769237e-06,1.2699807e-07,6.327797e-07,1.8746488e-05,6.748861e-07,9.095622e-08,7.6361616e-08,1.6062607e-07,3.0934774e-07,1.3762477e-06,9.815958e-07
0.99998415,5.3320496e-06,6.7343926e-08,4.4621464e-07,7.356159e-06,5.6220085e-07,3.437696e-08,6.997092e-08,1.275804e-07,8.6331113e-07,2.66879e-07,7.478556e-07
1.4178031e-06,0.99999523,5.5990415e-07,4.2854424e-08,3.733976e-07,3.3002073e-07,8.399556e-07,9.5907964e-08,6.335793e-08,1.0244852e-07,6.1786835e-07,2.9796013e-07
4.4317386e-07,0.9999974,6.076869e-07,2.4213055e-08,3.0086298e-07,2.7505303e-07,9.278822e-08,1.3318146e-07,5.450578e-08,1.4971039e-07,4.5123122e-07,2.4556655e-07
8.2935213e-07,0.9999968,4.807815e-07,3.043885e-08,3.4508008e-07,2.7829824e-07,2.9470812e-07,8.2379195e-08,6.8097954e-08,1.2918235e-07,5.393764e-07,2.4622844e-07
4.7182272e-08,6.330036e-08,0.99999213,3.6709093e-06,6.5321686e-08,4.1897916e-08,7.30652e-08,3.4047016e-06,4.3819625e-08,2.8452865e-07,1.6981755e-07,1.4441801e-08
4.4703636e-08,1.185475e-07,0.99999154,2.370041e-06,7.177834e-08,4.548433e-08,5.9292436e-08,5.2627615e-06,4.6740745e-08,3.0718314e-07,1.9046968e-07,1.840248e-08
4.6921183e-08,1.18345646e-07,0.99999356,2.8424338e-06,9.130159e-08,5.810427e-08,5.201107e-08,2.7411934e-06,4.1455845e-08,2.5735773e-07,1.6028773e-07,1.7113784e-08
1.323294e-07,1.9784087e-08,2.234724e-07,0.9999907,1.8020526e-08,1.3851982e-07,9.553108e-08,4.2367002e-08,4.504055e-08,6.7804143e-07,3.5726693e-09,8.019246e-06
1.8858601e-07,2.2351477e-08,1.4791789e-07,0.9999939,2.5538071e-08,4.2220486e-06,8.8434143e-07,4.776904e-08,4.943197e-08,2.7679246e-07,1.20801165e-08,2.8973372e-07
6.102949e-08,6.6510824e-09,1.300229e-07,0.9999993,8.13825e-09,1.066689e-07,1.2947746e-07,1.1904764e-08,3.1741077e-08,1.3561733e-07,2.7353577e-09,7.3121214e-08
1.5419637e-05,8.264857e-06,8.769731e-06,8.940178e-07,0.047055285,0.9528923,9.5103286e-07,4.5129277e-06,6.3632947e-06,5.699279e-06,5.080492e-07,1.1239812e-06
8.521224e-06,6.137092e-06,3.0896751e-06,4.5739293e-07,0.007202362,0.992767,4.854527e-07,2.262469e-06,3.7669809e-06,4.554801e-06,7.206295e-07,7.38493e-07
3.159455e-05,1.6105816e-05,5.446506e-05,2.3480723e-06,0.9505628,0.04929917,9.640708e-07,4.062293e-06,1.517636e-05,9.715194e-06,5.381327e-07,3.0262045e-06
2.1840961e-07,1.3977655e-07,6.114818e-08,2.8567572e-07,2.4095226e-07,0.99999857,3.3620513e-08,8.5951136e-08,5.6143875e-08,2.6132554e-07,1.1467263e-07,2.820185e-08
2.3654093e-07,1.278452e-07,5.3098187e-08,4.0469254e-07,2.5756276e-07,0.99999845,2.8839043e-08,7.8260136e-08,5.739345e-08,2.7178817e-07,1.0038092e-07,3.0542715e-08
2.2372435e-06,8.6707104e-07,5.167622e-07,8.200689e-05,1.6610283e-06,0.9999087,1.128699e-07,3.2668615e-07,2.742583e-07,1.7939541e-06,1.275011e-07,1.4437278e-06
7.3723456e-08,5.1372456e-07,8.49295e-08,9.142646e-08,1.0683475e-07,7.789378e-08,0.99999833,7.200865e-08,4.3083954e-08,3.858906e-08,5.6893197e-07,3.1387227e-08
1.640134e-08,6.385982e-08,7.124812e-08,1.1889684e-07,6.243753e-08,7.174724e-08,0.9999987,8.673935e-08,1.3575455e-07,3.305562e-08,5.8581765e-07,2.2904517e-08
4.7924953e-08,4.6391287e-07,5.2231034e-08,7.226017e-08,5.0458915e-08,5.1591613e-08,0.99999857,5.7686375e-08,4.774485e-08,3.1202433e-08,5.4087167e-07,2.2458673e-08
3.8755637e-08,7.879699e-08,2.4978602e-08,1.5100187e-07,7.402447e-08,6.8109784e-08,4.8531714e-08,0.9999989,1.6344626e-07,1.9603284e-07,2.2187422e-08,2.295102e-07
1.740574e-08,5.424213e-08,1.0181502e-07,2.8423526e-07,4.7171252e-08,8.363549e-08,6.107267e-08,0.9999989,1.3117754e-07,1.6955411e-07,2.7675437e-08,1.2121404e-07
8.22282e-08,1.0366266e-07,1.6867329e-08,7.563566e-08,7.864219e-08,6.2275085e-08,5.697422e-08,0.9999989,1.5143694e-07,2.0881782e-07,3.4329307e-08,1.2222056e-07
1.522263e-08,1.9137728e-07,6.419292e-08,1.3404977e-08,1.731822e-06,2.022066e-07,1.7718785e-08,1.350574e-07,0.99999607,2.5876017e-07,1.1470171e-06,1.18919324e-07
1.4572096e-08,1.829026e-07,7.354631e-08,1.9589645e-08,1.9232143e-06,2.1577536e-07,1.7770901e-08,1.3432123e-07,0.9999958,3.0603525e-07,1.2216547e-06,1.3795024e-07
1.0736136e-08,2.1923354e-07,5.836304e-08,1.9394223e-08,1.2823448e-06,1.5876796e-07,6.20485e-08,1.09943684e-07,0.9999969,1.721401e-07,8.992811e-07,8.2952816e-08
1.4096884e-07,7.614935e-07,6.745786e-08,1.2324564e-07,2.7717658e-07,3.8394694e-07,2.2491239e-08,1.7180138e-06,2.3358469e-07,0.99999607,7.383038e-08,2.246135e-07
3.5231473e-08,6.401734e-07,9.952806e-08,1.0995592e-07,2.482249e-07,4.133507e-07,2.9524266e-08,2.1726605e-06,2.6354323e-07,0.9999956,1.7350156e-07,3.2674166e-07
1.3440631e-08,2.5075718e-07,1.9335405e-07,1.5996171e-07,2.776116e-07,5.519208e-07,4.5409877e-08,2.1856179e-06,4.2658323e-07,0.99999356,7.580238e-07,1.6238911e-06
1.7177373e-07,3.8303034e-07,2.1873628e-07,2.8007161e-08,2.6006845e-08,1.3972326e-07,2.4185266e-07,1.2166429e-07,1.5244929e-06,8.393155e-07,0.9999949,1.4349215e-06
1.7811071e-07,3.7208045e-07,1.9121379e-07,2.2893401e-08,2.3099156e-08,1.7343743e-07,2.747634e-07,9.271837e-08,1.4547743e-06,1.3612208e-07,0.9999958,1.2287624e-06
1.6955771e-07,4.264445e-07,2.0788697e-07,2.5523645e-08,2.3891875e-08,1.620533e-07,3.0484202e-07,1.1985422e-07,1.4145321e-06,6.2433844e-07,0.99999535,1.099658e-06
5.288502e-07,5.1496386e-07,2.2405892e-07,5.754812e-07,5.784485e-07,1.444408e-07,3.088441e-07,2.8363544e-07,8.825436e-07,3.5699518e-06,1.3373218e-06,0.9999912
5.7043167e-07,3.998451e-07,1.8101703e-07,8.393347e-07,4.8213553e-07,1.0255317e-07,2.6063915e-07,2.8278896e-07,7.239031e-07,1.9074598e-06,4.1834213e-07,0.9999939
5.195521e-07,4.0734673e-07,2.151403e-07,1.3819975e-06,3.6648953e-07,1.5230148e-07,2.9223912e-07,5.5261376e-07,7.7278634e-07,5.1814654e-06,5.5805486e-07,0.9999895
