0.9999994,9.84428e-09,8.7715186e-08,1.1095568e-09,6.9875036e-08,3.9860627e-08,2.3476138e-10,5.7848554e-10,7.941859e-10,6.508658e-09,1.7793578e-09,3.125066e-07
0.9999993,1.3396226e-08,8.162194e-08,1.770471e-09,6.927203e-08,3.5758923e-08,2.3297794e-10,5.385417e-10,9.586235e-10,7.166928e-09,8.337232e-10,3.7711456e-07
0.9999993,1.7553877e-08,7.8860914e-08,1.6077333e-09,6.787249e-08,3.6203286e-08,2.349199e-10,6.3255723e-10,8.6345137e-10,7.0954926e-09,7.1490264e-10,4.098477e-07
9.95966e-08,0.99998975,1.189078e-07,7.5107266e-07,2.483949e-07,3.8042512e-07,1.7642476e-06,5.748226e-07,1.879786e-08,1.1834875e-08,1.6626328e-07,6.1677024e-06
1.1814783e-07,0.9999895,1.12007434e-07,7.080397e-07,2.6105593e-07,3.5634775e-07,1.8438316e-06,5.6107154e-07,2.2648907e-08,1.3714899e-08,1.6118629e-07,6.386442e-06
8.9443155e-08,0.99998987,1.17648874e-07,7.1707234e-07,2.5072757e-07,3.3841104e-07,1.6195933e-06,5.555075e-07,2.0126352e-08,1.1597738e-08,1.6729476e-07,6.180781e-06
2.6421361e-08,5.1035978e-11,0.9999999,3.36846e-09,1.0694368e-09,6.0898326e-09,2.6119121e-08,3.767702e-08,3.02804e-08,2.5090552e-08,2.1148523e-08,2.3264882e-08
2.7890875e-08,4.8151986e-11,0.9999999,3.848186e-09,1.3212079e-09,3.8803956e-09,2.8434844e-08,2.0881215e-08,2.3643874e-08,2.2985683e-08,2.187281e-08,2.5171701e-08
4.3948187e-08,1.4631626e-10,0.99999964,8.0958324e-09,1.7538213e-09,7.422242e-09,1.1117209e-07,2.2440155e-08,3.218048e-08,4.603631e-08,3.2095215e-08,3.1829295e-08
1.5365483e-08,2.4916579e-08,1.9532122e-08,1.0,1.2277495e-08,4.026647e-09,1.2836082e-09,7.8749063e-10,3.6571457e-10,2.850158e-08,1.06457945e-08,3.0675038e-09
1.1777324e-08,2.2958472e-08,2.498277e-08,0.99999976,1.37215554e-08,3.9590886e-09,1.3229099e-09,7.462824e-10,5.0123006e-10,3.308505e-08,1.0662293e-08,2.3552444e-09
1.4620429e-08,2.4807083e-08,2.0701375e-08,0.9999999,1.1446305e-08,4.4145265e-09,1.2477706e-09,6.2584676e-10,4.0416256e-10,3.4445364e-08,9.798689e-09,3.079339e-09
7.871848e-08,3.0082134e-08,4.211741e-10,2.3192483e-08,0.99999964,9.843794e-09,7.337477e-09,1.2723056e-08,9.510505e-08,3.7841215e-08,1.6938324e-07,3.7475004e-10
7.2470044e-08,3.0860484e-08,3.5696138e-10,2.1315728e-08,0.99999964,8.138363e-09,6.0889027e-09,1.30809665e-08,1.0131278e-07,3.415e-08,1.5363491e-07,5.569963e-10
7.3766586e-08,3.0041765e-08,3.7340722e-10,2.1924844e-08,0.9999995,8.564025e-09,7.3081456e-09,1.3285618e-08,9.4872405e-08,3.6786602e-08,1.7758812e-07,4.450521e-10
5.3429538e-08,5.0873638e-08,4.6391835e-10,2.56656e-09,6.5480563e-09,0.9999995,6.1065917e-09,3.6356777e-08,2.6704683e-07,5.6739466e-08,2.0037529e-08,2.1079306e-10
5.6285227e-08,6.9984125e-08,3.4767547e-10,2.7797689e-09,6.6423724e-09,0.99999917,6.2893033e-09,4.0131436e-08,5.660506e-07,6.3901155e-08,2.455671e-08,3.535448e-10
5.4497047e-08,6.670803e-08,3.480643e-10,2.4211795e-09,8.58589e-09,0.9999993,7.083107e-09,4.9635364e-08,5.3616213e-07,6.449849e-08,3.086371e-08,2.8083535e-10
1.6233946e-08,8.357933e-10,8.840906e-08,2.5168145e-08,7.957073e-09,1.3267337e-08,0.99999964,5.1349183e-08,7.634035e-09,9.6780525e-08,1.24865895e-08,4.8276846e-08
1.541685e-08,7.7767925e-10,8.382416e-08,2.4668877e-08,8.623889e-09,1.2678459e-08,0.99999964,5.2122513e-08,7.173933e-09,9.322126e-08,1.3080991e-08,3.7355793e-08
1.4936312e-08,7.0123984e-10,8.0555886e-08,2.4235982e-08,9.0461905e-09,1.2915999e-08,0.99999964,5.4567902e-08,7.74893e-09,9.219004e-08,1.290189e-08,2.8314743e-08
3.9891543e-09,5.7136333e-07,7.0404946e-07,7.0002903e-07,2.3879608e-07,5.2083816e-08,0.0004689272,0.999526,9.407576e-07,1.2379677e-06,7.2622754e-08,4.4997796e-07
1.4828505e-10,1.0311052e-07,3.6045623e-08,1.7475031e-08,1.770701e-08,4.372897e-09,6.1704213e-07,0.9999989,1.817285e-07,1.0347203e-07,2.955658e-09,2.2038957e-08
1.3653546e-10,9.553677e-08,2.0403354e-08,9.479107e-09,1.5171453e-08,3.3755634e-09,7.460102e-07,0.9999988,1.5249111e-07,9.368052e-08,2.733067e-09,1.3885352e-08
5.460496e-09,2.1079819e-08,2.2007865e-07,9.339067e-09,2.667807e-07,1.5585588e-08,2.640246e-09,7.124716e-07,0.9999981,2.6712984e-08,5.7278027e-07,8.228288e-08
5.473707e-09,2.068302e-08,2.3207988e-07,8.5594065e-09,2.7075995e-07,1.5694528e-08,2.7875013e-09,7.5826e-07,0.999998,2.7745758e-08,6.1069494e-07,8.605098e-08
5.6222684e-09,2.1079577e-08,2.3135485e-07,7.861268e-09,2.91014e-07,1.6222588e-08,3.1351661e-09,7.7220284e-07,0.999998,2.9150105e-08,5.747342e-07,8.727781e-08
1.8000821e-09,1.4183771e-08,1.43399665e-08,6.800401e-09,1.1233869e-07,1.4816509e-07,1.0762511e-08,7.857957e-08,1.8948587e-08,0.99999964,3.2469811e-09,3.6374104e-09
1.5858422e-09,1.3350522e-08,1.1763202e-08,7.716055e-09,1.1547398e-07,1.65359e-07,1.0905319e-08,8.7014996e-08,2.009544e-08,0.99999964,4.489495e-09,2.8004823e-09
1.7346486e-09,1.4882452e-08,1.18981855e-08,8.592808e-09,1.14815336e-07,1.5578175e-07,1.0777034e-08,8.169953e-08,1.8642368e-08,0.99999964,3.5954242e-09,2.8349476e-09
2.484147e-09,5.0214886e-08,1.463111e-07,7.100517e-08,3.711515e-08,2.1793178e-07,1.226416e-07,2.7703061e-08,3.1718687e-07,1.1742817e-08,0.99999905,2.7450797e-08
1.0293329e-05,2.4619354e-05,5.1479943e-05,8.799163e-06,3.1311404e-06,8.9016913e-07,5.5039445e-06,7.617888e-06,1.8938867e-05,6.0925436e-06,0.00042523362,0.9994374
1.2328376e-09,2.4183146e-08,9.099039e-08,5.8484634e-08,2.6416254e-08,2.1246807e-07,8.149297e-08,8.523608e-09,1.8831904e-07,2.2553941e-08,0.99999917,5.8104894e-09
5.0317817e-07,1.4826391e-07,4.855192e-07,2.3107376e-08,7.1797315e-09,6.61377e-10,1.1675924e-08,3.618249e-08,3.6582197e-08,2.584904e-08,6.289127e-11,0.9999988
2.833197e-07,1.6533444e-07,4.3675377e-07,2.042633e-08,6.2229097e-09,9.556219e-10,1.1751734e-08,3.1602603e-08,5.551838e-08,2.667187e-08,1.5569549e-09,0.9999989
4.0235562e-07,1.0386595e-06,2.1394344e-06,1.4484222e-07,4.263307e-08,1.1753839e-08,1.0552972e-07,7.23802e-08,7.7304713e-07,7.731875e-08,4.2215557e-05,0.99995303
0.9999993,1.7388825e-08,7.737279e-08,1.7136312e-09,6.163851e-08,3.8498598e-08,2.325828e-10,6.9170436e-10,9.04187e-10,7.63096e-09,6.6015354e-10,4.251974e-07
0.9999993,2.1220188e-08,7.929863e-08,1.5330334e-09,6.427277e-08,4.3078654e-08,2.6041677e-10,8.511794e-10,8.9029967e-10,6.881544e-09,6.388916e-10,4.4555722e-07
0.9999994,1.9531216e-08,7.8135066e-08,1.5833937e-09,5.9546657e-08,4.4812236e-08,2.7740055e-10,8.9339913e-10,9.084483e-10,6.7076997e-09,6.30197e-10,4.4630872e-07
4.329908e-08,0.9999894,1.9163956e-07,9.739956e-07,2.7260884e-07,4.327074e-07,1.3116999e-06,6.807313e-07,1.586656e-08,8.727718e-09,2.3607952e-07,6.4896367e-06
5.806901e-08,0.9999893,1.6268858e-07,9.147259e-07,2.7022128e-07,4.3273624e-07,1.7235718e-06,6.325471e-07,1.7779124e-08,9.6518065e-09,2.1292885e-07,6.1929204e-06
4.7158316e-08,0.99998975,1.7983898e-07,9.141822e-07,2.711435e-07,4.0666131e-07,1.3935797e-06,6.379452e-07,1.687155e-08,8.850533e-09,2.2309273e-07,6.196533e-06
2.3009983e-08,4.9054524e-11,0.9999999,2.2540099e-09,1.0300515e-09,4.6979305e-09,2.1495621e-08,3.7041843e-08,2.496448e-08,2.1534278e-08,1.9756442e-08,2.2300087e-08
1.9214344e-08,5.946442e-11,0.9999999,2.0815591e-09,9.473762e-10,5.4756386e-09,2.561535e-08,8.1152564e-08,2.6692762e-08,1.9818941e-08,1.9041305e-08,2.2393086e-08
1.8718016e-08,5.5543983e-11,0.9999999,2.0369615e-09,8.849368e-10,4.337407e-09,2.536279e-08,6.8686475e-08,2.5198219e-08,1.955072e-08,1.943409e-08,2.1391285e-08
1.9024135e-08,3.2130316e-08,1.25978055e-08,0.9999999,1.3113645e-08,4.298165e-09,7.179625e-10,4.5481455e-10,5.820418e-10,2.337519e-08,1.1020262e-08,5.437226e-09
1.184028e-08,2.0220595e-08,1.3277113e-08,1.0,1.2153891e-08,3.65825e-09,4.588996e-10,4.1794765e-10,2.7234799e-09,1.9420973e-08,1.2578886e-08,3.348417e-09
5.322864e-09,3.4173855e-08,2.0941641e-08,0.9999999,9.563053e-09,6.3499495e-09,1.88583e-09,4.884935e-09,4.741706e-10,2.07555e-08,8.615572e-09,3.5850711e-09
7.456342e-08,2.9361523e-08,4.7212634e-10,2.104779e-08,0.9999995,1.0402155e-08,7.6590165e-09,1.151271e-08,6.9937975e-08,3.6504158e-08,2.0838863e-07,3.609866e-10
8.634078e-08,3.3160156e-08,3.9201017e-10,2.2125269e-08,0.9999994,9.589936e-09,9.229466e-09,1.3900757e-08,9.004139e-08,3.9040476e-08,3.0885198e-07,3.7957404e-10
8.338053e-08,3.3352926e-08,3.5825656e-10,2.139658e-08,0.9999994,9.062319e-09,9.933134e-09,1.5338124e-08,1.07623706e-07,4.000168e-08,2.5846754e-07,3.750174e-10
5.6910594e-08,6.2595085e-08,3.1401956e-10,2.8729965e-09,6.100897e-09,0.9999993,7.978073e-09,4.4534627e-08,4.4821658e-07,6.143288e-08,2.8412707e-08,2.3393443e-10
1.0656558e-07,8.026795e-08,8.1782975e-10,1.010475e-08,1.4074566e-08,0.99999905,1.1347086e-08,5.5873624e-08,5.673265e-07,8.778695e-08,3.7949466e-08,5.58153e-10
5.4027804e-08,3.200291e-08,2.2594886e-09,4.8969393e-09,3.6019856e-09,0.9999995,6.0837704e-09,5.454448e-08,1.838641e-07,6.9331e-08,2.2025942e-08,3.0507957e-10
1.880755e-08,8.1064905e-10,6.321432e-08,2.3248287e-08,8.797704e-09,1.17906955e-08,0.99999964,3.9328604e-08,7.3229507e-09,8.6342126e-08,1.612009e-08,1.8415198e-08
1.9522952e-08,7.721985e-10,7.4036386e-08,2.5620574e-08,1.5039596e-08,1.0432358e-08,0.99999964,4.0395324e-08,8.692687e-09,8.8870955e-08,1.4425584e-08,3.251879e-08
1.7022476e-08,7.6001644e-10,7.171898e-08,2.5162288e-08,8.854267e-09,1.2550963e-08,0.99999964,4.7644466e-08,8.023887e-09,8.765784e-08,1.3941305e-08,3.0891343e-08
1.5644801e-10,1.2070501e-07,1.42777905e-08,1.8022845e-08,1.545226e-08,3.932302e-09,3.2514237e-07,0.9999993,1.5754694e-07,8.768072e-08,4.37229e-09,1.5095171e-08
3.7234496e-10,2.0542392e-07,2.4466885e-08,1.7480392e-08,3.567224e-08,1.0173339e-08,7.2897194e-07,0.99999845,2.2166464e-07,7.6662175e-08,3.7785903e-09,2.5775248e-07
3.3468103e-10,1.4627487e-07,1.1484634e-08,1.1023702e-08,1.7849501e-08,2.0974955e-09,1.4896213e-07,0.9999993,1.4736968e-07,5.5958214e-08,2.7328337e-09,6.319731e-08
5.7382885e-09,2.0793339e-08,2.1665196e-07,7.892939e-09,2.6899897e-07,1.719356e-08,3.2745835e-09,7.712152e-07,0.999998,2.7360025e-08,5.689188e-07,7.595189e-08
6.450969e-09,2.0484134e-08,1.9123317e-07,6.8563413e-09,2.7968454e-07,2.0011072e-08,4.075394e-09,7.572924e-07,0.9999981,2.7000457e-08,4.7065458e-07,6.738058e-08
7.615772e-09,2.0730143e-08,1.7724696e-07,5.6088276e-09,2.5948356e-07,2.1482387e-08,7.2066313e-09,8.291959e-07,0.9999982,2.6884221e-08,4.1236942e-07,5.5071904e-08
2.3681543e-09,2.2768987e-08,1.7494855e-08,8.519305e-09,1.00449796e-07,1.427169e-07,9.936434e-09,6.415998e-08,1.7940605e-08,0.99999964,2.0254354e-09,3.3597265e-09
2.4213838e-09,2.5334643e-08,1.9951534e-08,8.936418e-09,9.228329e-08,1.4110007e-07,1.0722372e-08,6.2404375e-08,1.7241964e-08,0.99999964,2.0711113e-09,3.9014116e-09
2.4245401e-09,2.3250106e-08,1.5433619e-08,9.302335e-09,1.0445804e-07,1.4197244e-07,9.836756e-09,6.3903265e-08,1.7861426e-08,0.99999964,2.0588662e-09,3.553055e-09
1.0774744e-09,3.5888338e-08,1.8873834e-07,9.506983e-08,7.46166e-08,4.6880277e-07,1.5793007e-07,2.5737918e-08,3.1225605e-07,1.2266462e-06,0.9999974,2.1549662e-09
1.6873308e-05,9.40468e-05,0.00026079008,2.6548554e-05,2.3196464e-05,1.3072897e-05,2.5858926e-05,3.0695322e-05,0.000121909114,0.008810937,0.0059190546,0.984657
1.0069364e-09,3.0527126e-08,1.508991e-07,6.9372526e-08,3.9452328e-08,2.0058162e-07,1.2079977e-07,1.6174042e-08,2.3014894e-07,6.778141e-08,0.99999917,5.447394e-09
8.005124e-07,1.9439005e-07,9.1059155e-07,5.975978e-08,1.356521e-08,1.5210777e-09,2.0908908e-08,4.8089824e-08,5.6284502e-08,1.2205618e-07,3.985085e-11,0.99999774
4.2022415e-07,1.4836499e-07,5.6172604e-07,3.6766572e-08,1.0544795e-08,1.0160167e-09,1.3590444e-08,3.6408853e-08,4.8837197e-08,3.2159133e-07,1.3613859e-10,0.99999845
8.6360075e-07,1.9810696e-07,1.4248637e-06,7.044777e-08,1.611006e-08,1.4161833e-09,2.4162025e-08,5.8507943e-08,5.5573796e-08,1.2952411e-07,3.8522845e-11,0.99999714
0.9999993,1.739765e-08,7.321723e-08,2.0617577e-09,6.0080104e-08,3.2102918e-08,2.427796e-10,5.5025184e-10,9.060999e-10,7.7717965e-09,6.0384253e-10,4.3637922e-07
0.9999995,1.8188889e-08,5.6379687e-08,1.9918822e-09,5.3931643e-08,3.1526767e-08,2.9084532e-10,5.2213794e-10,1.0506074e-09,6.9093886e-09,5.7930377e-10,4.0437084e-07
0.99999964,1.30512605e-08,4.2336605e-08,1.8718571e-09,4.241816e-08,2.6988966e-08,9.814937e-10,3.596643e-10,9.484428e-10,6.6746466e-09,5.680785e-10,2.9329132e-07
1.2011257e-07,0.99998856,1.2001628e-07,7.5007245e-07,2.558375e-07,3.7624835e-07,3.1652137e-06,5.6940297e-07,2.0920922e-08,1.558657e-08,1.5929277e-07,5.976043e-06
1.2080572e-07,0.9999883,1.1939181e-07,7.430338e-07,2.47851e-07,3.9331402e-07,3.6093782e-06,5.548342e-07,1.9275312e-08,1.5447815e-08,1.56731e-07,5.792073e-06
1.3625588e-07,0.9999883,1.16929684e-07,7.23071e-07,2.6208832e-07,3.634793e-07,3.2547744e-06,5.4292036e-07,2.1882363e-08,1.6482238e-08,1.5435926e-07,6.089801e-06
5.532951e-08,1.1488987e-10,0.99999964,7.905639e-09,1.6805931e-09,1.81158e-08,8.755491e-08,8.696334e-09,2.8089895e-08,4.195109e-08,2.9646444e-08,2.3692579e-08
4.692415e-08,7.944417e-11,0.99999964,6.5406924e-09,1.6231213e-09,1.6800588e-08,7.341638e-08,1.7173893e-08,3.0209552e-08,4.1652818e-08,2.9891734e-08,2.1739211e-08
5.01351e-08,6.687434e-11,0.99999964,7.829901e-09,1.55964e-09,2.3745194e-08,6.515557e-08,8.781844e-09,2.8396032e-08,4.1654566e-08,3.1006394e-08,1.9950848e-08
4.237188e-08,7.485336e-08,8.528458e-08,0.99999714,3.982938e-08,3.154245e-08,2.4219728e-06,1.7433255e-08,2.1638085e-09,1.6153821e-07,5.3438583e-08,2.4709596e-08
2.9254975e-08,4.4851493e-08,3.5064346e-08,0.9999995,2.7809433e-08,2.0588471e-08,2.759753e-07,2.5656939e-09,6.038396e-09,7.103771e-08,2.3468418e-08,1.6026737e-08
1.0581903e-08,2.6587987e-08,1.1846852e-08,0.9999999,2.4686956e-08,7.681653e-09,4.4420614e-09,1.3137021e-09,6.991419e-10,2.2937508e-08,1.0446518e-08,2.722358e-09
1.18892494e-07,4.5748312e-08,7.8556384e-10,3.1709064e-08,0.9999993,1.827938e-08,6.301928e-08,1.2751696e-08,7.935431e-08,5.905576e-08,2.80707e-07,1.0626124e-09
8.455654e-08,3.4827522e-08,4.0304382e-10,2.2625642e-08,0.9999994,1.1973811e-08,1.4286182e-08,1.0379917e-08,9.960612e-08,3.8962813e-08,2.0717867e-07,4.540758e-10
8.988184e-08,3.4584527e-08,4.368955e-10,2.1642816e-08,0.99999964,1.2512528e-08,1.539393e-08,1.1029701e-08,7.8939195e-08,3.6216075e-08,1.340966e-07,1.0195549e-09
7.232312e-08,6.7354975e-08,5.095759e-10,4.7400337e-09,6.5555668e-09,0.9999995,1.632212e-08,3.461131e-08,2.4528626e-07,8.205903e-08,2.4851495e-08,3.5105938e-10
5.601504e-08,5.5634917e-08,3.1837397e-10,2.0143358e-09,5.9361795e-09,0.9999995,7.897921e-09,3.917647e-08,2.6154746e-07,5.249465e-08,2.1896051e-08,2.5344912e-10
6.009478e-08,7.1065074e-08,2.943685e-10,2.2162674e-09,6.6502963e-09,0.9999993,9.945058e-09,4.5377497e-08,5.197544e-07,5.940689e-08,2.6517673e-08,3.209064e-10
2.486743e-08,1.00434e-09,9.40026e-08,2.5863562e-08,1.2592206e-08,1.0913788e-08,0.99999964,4.881304e-08,9.3245225e-09,1.0579121e-07,9.857002e-09,9.9921245e-08
1.7733315e-08,7.7407575e-10,8.150685e-08,2.4416238e-08,9.968553e-09,1.12709495e-08,0.99999964,4.8066713e-08,8.279999e-09,9.4298535e-08,1.1988462e-08,4.310226e-08
1.960127e-08,9.354569e-10,9.028475e-08,2.4769255e-08,8.76058e-09,1.3327548e-08,0.99999964,5.8709645e-08,9.961159e-09,9.7213984e-08,1.009861e-08,9.327337e-08
4.804582e-10,2.5537722e-07,1.325172e-08,3.9487695e-08,8.14115e-09,3.489306e-08,3.4475022e-07,0.9999988,2.957375e-07,9.9563124e-08,1.5402847e-08,1.1441278e-07
1.7011156e-10,8.686457e-08,1.1313792e-07,8.011131e-09,7.535499e-09,4.5267425e-09,1.3195928e-07,0.9999993,2.0493411e-07,6.8843825e-08,3.123132e-09,8.501386e-08
1.5477551e-10,1.4996243e-07,1.4647689e-08,1.7248402e-08,8.255536e-09,8.0758875e-09,3.382248e-07,0.99999917,1.671708e-07,7.668198e-08,4.2609973e-09,6.99884e-08
6.091716e-09,2.0432042e-08,2.0411584e-07,6.961391e-09,2.8968188e-07,1.7891063e-08,3.7705186e-09,7.8184354e-07,0.9999981,3.0424847e-08,4.7969445e-07,7.688781e-08
8.750445e-09,2.4460057e-08,2.0865198e-07,6.2750485e-09,3.0608055e-07,1.9538376e-08,7.288617e-09,8.964255e-07,0.99999785,3.810384e-08,4.7923027e-07,7.953755e-08
5.9263727e-09,2.067052e-08,2.0337296e-07,7.129711e-09,3.0539246e-07,1.7443446e-08,3.5590384e-09,7.813448e-07,0.999998,3.0677917e-08,5.0806625e-07,7.7048114e-08
2.5366205e-09,2.6541974e-08,2.2051294e-08,8.799147e-09,8.718013e-08,1.3279431e-07,1.0357907e-08,5.3852503e-08,1.7367883e-08,0.99999964,1.7714545e-09,4.537004e-09
2.9820937e-09,5.5785602e-08,2.263083e-08,1.0078733e-08,7.692593e-08,1.1694318e-07,1.1166615e-08,4.1854946e-08,1.450773e-08,0.99999976,1.7520059e-09,6.898723e-09
2.6988438e-09,3.4192883e-08,1.7514452e-08,1.1785524e-08,8.656226e-08,1.2418216e-07,9.663972e-09,5.1344287e-08,1.558594e-08,0.99999964,2.2662132e-09,4.251534e-09
1.6986165e-09,2.4977892e-08,1.2040677e-07,6.34812e-08,3.4624442e-08,2.7464094e-07,1.3242219e-07,1.07106555e-08,2.0747896e-07,1.34050175e-08,0.99999917,1.6133085e-09
2.6272535e-09,3.531375e-08,1.5112147e-07,6.873689e-08,2.6227337e-08,1.6087704e-07,1.1350624e-07,1.2377249e-08,1.8018679e-07,6.737099e-09,0.9999993,1.1525362e-08
7.0474346e-09,4.8670117e-08,2.8511707e-07,1.0538815e-07,6.3461705e-08,2.0209654e-07,1.704294e-07,1.5755372e-08,1.757234e-07,1.4403307e-08,0.99999905,6.711575e-09
0.00019639838,6.5837565e-05,1.5068562e-05,1.3621077e-05,1.5714297e-06,0.0048431354,2.6964349e-06,9.8368655e-06,3.769209e-05,1.4621202e-05,2.9228012e-08,0.9947995
9.797143e-07,2.314993e-07,1.0144644e-06,7.6924735e-08,1.3690704e-08,1.972412e-09,2.0813092e-08,5.422013e-08,5.5520218e-08,3.229965e-08,2.7900774e-11,0.9999976
8.933497e-07,2.0549298e-07,6.7639235e-07,6.123743e-08,9.412153e-09,3.3726066e-09,1.513664e-08,4.4451486e-08,5.4338276e-08,2.8589179e-08,3.969277e-11,0.999998
0.9999993,2.253279e-08,7.673963e-08,1.6697005e-09,6.614461e-08,3.884342e-08,2.455154e-10,6.7057254e-10,8.687375e-10,7.761945e-09,6.701467e-10,4.3845876e-07
0.9999993,1.5573988e-08,8.080977e-08,1.6947042e-09,6.876745e-08,3.482134e-08,2.5852723e-10,7.593077e-10,8.665481e-10,7.1152115e-09,7.653944e-10,4.299667e-07
0.9999994,1.2224258e-08,7.844776e-08,2.0814508e-09,5.7192977e-08,3.5173727e-08,2.1920973e-10,5.58116e-10,9.694686e-10,7.519621e-09,7.706005e-10,3.7962565e-07
9.736218e-08,0.9999894,1.1670856e-07,7.528156e-07,2.527947e-07,4.123799e-07,2.2873005e-06,5.9346473e-07,2.0111377e-08,1.1917097e-08,1.7521434e-07,5.96309e-06
9.679728e-08,0.9999896,1.17340704e-07,7.394191e-07,2.4804737e-07,3.813419e-07,2.0524517e-06,5.4369934e-07,1.8289525e-08,1.1362768e-08,1.6859428e-07,5.9353656e-06
8.059271e-08,0.9999894,1.3588786e-07,8.189235e-07,2.578421e-07,3.8838425e-07,2.0499397e-06,5.873113e-07,1.887164e-08,1.1068618e-08,1.8462393e-07,6.0951006e-06
5.4860628e-08,8.25569e-11,0.99999976,4.6250603e-09,1.6812569e-09,1.9065396e-08,2.3281126e-08,2.2873806e-08,4.201235e-08,3.6498808e-08,2.0673157e-08,5.0894613e-08
2.9929745e-07,5.4281943e-09,0.99993396,5.377732e-08,2.3942368e-08,2.2671875e-06,3.6132542e-07,5.9380385e-05,1.7176351e-06,9.292716e-07,1.8113205e-07,7.346784e-07
6.392638e-07,1.2590125e-08,0.99980587,1.9301969e-07,4.4061945e-08,5.1700732e-05,4.9197916e-07,0.00013302593,4.0115838e-06,2.2206102e-06,4.5859426e-07,1.4571801e-06
1.1016498e-08,2.1947319e-08,4.719433e-08,0.99999976,9.331711e-09,5.564413e-09,1.1926241e-09,1.1619169e-09,4.5951612e-10,4.256064e-08,9.763894e-09,2.3762128e-09
1.3291173e-08,2.4491431e-08,1.6163876e-08,0.9999999,9.72902e-09,1.5764494e-08,1.5768725e-09,6.1023414e-10,5.332077e-10,2.646297e-08,1.04484315e-08,2.392654e-09
2.0880975e-08,3.214828e-08,1.1536651e-08,0.9999999,1.0235324e-08,2.4327084e-08,1.0712006e-09,4.5556553e-10,5.3653043e-10,2.212988e-08,8.78456e-09,5.0716387e-09
9.958258e-08,3.4975045e-08,1.8050192e-09,1.9555413e-08,0.99999964,7.918179e-09,4.444348e-09,3.2755199e-09,7.3026044e-08,2.2547587e-08,5.71774e-08,7.498484e-09
8.6643674e-08,3.711e-08,4.2982262e-10,2.1828413e-08,0.9999994,9.538711e-09,6.430425e-09,7.886495e-09,1.1132273e-07,3.1300754e-08,2.3582781e-07,7.438165e-10
6.660303e-08,3.377634e-08,4.2771348e-10,1.8588146e-08,0.9999994,8.236711e-09,6.7760317e-09,6.3183783e-09,1.2066624e-07,2.6633298e-08,1.7403602e-07,1.540849e-09
5.767102e-08,5.389626e-08,3.1985842e-10,2.230755e-09,7.629098e-09,0.9999994,6.7209798e-09,3.870675e-08,3.3074298e-07,5.8036267e-08,2.8655004e-08,2.8850047e-10
5.3624138e-08,5.581699e-08,3.1835878e-10,2.111759e-09,4.814404e-09,0.99999964,5.924156e-09,3.4627497e-08,2.0696208e-07,5.337953e-08,2.271234e-08,4.0695808e-10
1.1004529e-07,8.7595474e-08,5.051698e-10,2.9470746e-09,8.447009e-09,0.9999994,7.616405e-09,4.0447897e-08,3.4460086e-07,7.370934e-08,1.7738016e-08,2.4910851e-09
1.7055365e-08,7.347557e-10,7.124669e-08,2.4806605e-08,9.397494e-09,1.1816857e-08,0.99999964,4.288806e-08,7.331252e-09,8.8059515e-08,1.30915e-08,2.2621462e-08
1.954583e-08,8.067697e-10,7.027308e-08,2.3459961e-08,1.1803792e-08,1.1526707e-08,0.99999964,3.812848e-08,8.153386e-09,8.4254864e-08,1.182653e-08,2.903241e-08
1.6039735e-08,7.4203976e-10,6.997975e-08,2.4989294e-08,9.88121e-09,1.20354295e-08,0.99999964,4.4356366e-08,7.0291137e-09,8.466389e-08,1.3873505e-08,2.1721224e-08
1.3038806e-10,8.350182e-08,4.8288264e-08,1.5023657e-08,1.0818555e-08,1.9074768e-09,6.2878826e-08,0.99999964,1.6605813e-07,7.4227266e-08,2.0004605e-09,2.0187986e-08
1.1832112e-10,1.184229e-07,1.1562024e-08,1.0333812e-08,8.249259e-09,6.26897e-09,5.7864508e-08,0.9999995,1.8667656e-07,6.557496e-08,2.4122977e-09,3.1874006e-08
1.5827437e-10,1.5513886e-07,1.07382725e-08,1.750019e-08,7.4150663e-09,1.2912917e-08,6.140934e-08,0.9999994,2.1141908e-07,7.007671e-08,2.6468903e-09,5.566346e-08
5.1318425e-09,2.0384046e-08,2.548673e-07,9.4696295e-09,2.3661323e-07,1.4539062e-08,2.5299725e-09,7.895582e-07,0.999998,2.7636059e-08,6.3490296e-07,1.025266e-07
5.360725e-09,1.9765146e-08,2.1864666e-07,8.0018205e-09,2.725704e-07,1.6112441e-08,2.7929457e-09,7.8190607e-07,0.999998,2.702807e-08,6.033545e-07,8.5647685e-08
5.6019944e-09,1.9709658e-08,2.124514e-07,7.675954e-09,2.8964013e-07,1.6496706e-08,2.9642364e-09,7.9169206e-07,0.999998,2.7412783e-08,6.0057835e-07,7.917656e-08
2.4566504e-09,2.434588e-08,2.5068685e-08,8.891125e-09,8.143149e-08,1.2956397e-07,1.0143802e-08,5.1118175e-08,1.6236793e-08,0.99999964,1.9606459e-09,3.9821026e-09
2.5809095e-09,2.4280398e-08,1.764354e-08,1.1029722e-08,9.027408e-08,1.3317238e-07,9.94527e-09,5.4398825e-08,1.6585103e-08,0.99999964,1.989718e-09,3.7049235e-09
3.2774696e-09,2.1583206e-08,1.5745767e-08,2.4351127e-08,9.1282814e-08,1.2879818e-07,8.931544e-09,6.066231e-08,1.8891823e-08,0.99999964,2.9052836e-09,4.8475384e-09
1.4345423e-09,2.4635197e-08,1.0920097e-07,6.541204e-08,4.2854186e-08,2.379214e-07,1.09082514e-07,1.2483701e-08,1.9180763e-07,3.235846e-08,0.99999917,1.8150093e-09
1.2309298e-09,2.5891882e-08,1.0365478e-07,5.960619e-08,3.5329915e-08,2.8077872e-07,1.0975829e-07,1.519144e-08,2.0499702e-07,2.0981407e-08,0.99999917,2.1523452e-09
1.696746e-08,2.447147e-07,5.86979e-07,2.0135019e-07,8.6999215e-08,1.9207675e-07,2.8524937e-07,4.6339885e-08,8.1535865e-07,8.891891e-08,0.9999918,5.70594e-06
2.9763777e-07,1.2573076e-07,5.062593e-07,2.3836932e-08,9.786352e-09,1.3774848e-09,1.0401534e-08,4.075058e-08,4.742575e-08,1.2577394e-07,2.4504282e-10,0.9999989
7.113407e-07,1.7419706e-07,6.914568e-07,3.2349984e-08,1.4423584e-08,1.0970451e-09,1.5737129e-08,3.6969656e-08,4.482057e-08,3.416331e-08,4.8302865e-11,0.99999833
8.027864e-07,1.7940282e-07,6.991772e-07,4.7625957e-08,2.1134937e-08,4.2864094e-09,1.534949e-08,2.6749085e-08,6.2912804e-08,4.2130807e-08,5.4401046e-11,0.9999982
0.9999993,1.5998085e-08,7.535604e-08,1.69967e-09,7.4624715e-08,3.6309782e-08,2.7203667e-10,6.065309e-10,8.4552254e-10,6.4931087e-09,7.5934964e-10,3.8754564e-07
0.9999995,8.380637e-09,6.179956e-08,2.593903e-09,4.8797393e-08,3.0270687e-08,2.631651e-10,4.1404052e-10,1.0095003e-09,6.7492683e-09,6.8500994e-10,3.2318678e-07
0.9999994,1.4003958e-08,6.3602414e-08,1.5173105e-09,7.628884e-08,3.595624e-08,2.5176516e-10,6.1627403e-10,9.914222e-10,6.6669723e-09,6.9558226e-10,3.464574e-07
6.944455e-08,0.99998987,1.5851329e-07,8.799925e-07,3.0728043e-07,3.806723e-07,1.7324688e-06,6.0547836e-07,1.7788668e-08,9.796067e-09,1.9427826e-07,5.813465e-06
7.3477196e-08,0.9999902,1.3816869e-07,7.510257e-07,2.825787e-07,3.5344172e-07,2.0870161e-06,5.68692e-07,1.9286565e-08,1.0218488e-08,1.7861115e-07,5.311325e-06
7.325985e-08,0.99998987,1.4150363e-07,8.048756e-07,2.8409042e-07,3.8589602e-07,2.2395127e-06,5.997401e-07,1.887885e-08,1.0720182e-08,1.8416117e-07,5.3641256e-06
7.7830117e-07,1.0390604e-08,1.3020992e-05,4.724083e-08,0.9999851,9.332736e-08,7.2755405e-08,1.9821485e-08,2.6608203e-07,1.8619097e-07,3.5317746e-07,1.7560317e-09
9.874642e-06,2.0062573e-07,0.9878548,1.4664754e-06,0.011184374,1.1574275e-06,4.0499664e-05,0.0008694427,1.7266873e-05,1.1819605e-05,8.243085e-06,8.409422e-07
6.8751454e-08,1.2611545e-09,0.9998983,1.0831063e-08,8.247327e-08,2.3011072e-08,7.950389e-07,9.977607e-05,4.0052586e-07,1.5982555e-07,7.323484e-08,1.9016043e-07
2.1339488e-08,3.109832e-08,3.2791974e-08,0.99999976,5.10702e-09,1.5581275e-08,1.2327654e-09,8.9242863e-10,5.1318194e-10,1.2992727e-07,9.536731e-09,1.6361552e-08
3.9704858e-08,5.816605e-08,1.5655658e-08,0.99999964,6.692685e-09,8.810903e-09,1.0232564e-09,6.7624606e-10,4.3574536e-10,2.6869136e-08,4.9471747e-09,8.779119e-08
3.678415e-08,5.442145e-08,1.120957e-08,0.99999964,7.119354e-09,9.882742e-08,1.115324e-09,6.9170336e-10,1.4596289e-09,4.067831e-08,9.290526e-09,9.902642e-09
7.752021e-08,3.1339944e-08,3.4002934e-10,2.0776362e-08,0.9999994,9.984135e-09,7.463309e-09,1.4436344e-08,1.1045746e-07,3.8779095e-08,1.9921156e-07,4.3777124e-10
9.52975e-08,3.032483e-08,3.2543007e-10,1.9709573e-08,0.9999994,1.2361728e-08,1.1577713e-08,1.46709e-08,1.1053038e-07,3.7493052e-08,1.9970442e-07,4.1537093e-10
7.470591e-08,2.8748786e-08,4.0864118e-10,2.046421e-08,0.9999995,1.0034384e-08,7.1710597e-09,1.1917126e-08,9.124921e-08,3.709146e-08,1.798584e-07,4.507657e-10
5.846234e-08,6.0287306e-08,2.7781727e-10,1.9460444e-09,7.834844e-09,0.9999994,6.9085044e-09,4.619806e-08,3.7467117e-07,5.7753137e-08,2.3341453e-08,2.5556116e-10
5.720214e-08,5.6851796e-08,3.1551212e-10,1.9369384e-09,8.635342e-09,0.9999994,6.924678e-09,4.200673e-08,3.7220423e-07,5.918951e-08,3.1005086e-08,2.8860725e-10
7.08673e-08,6.05677e-08,2.8733613e-10,1.7851123e-09,1.7626276e-08,0.99999905,6.5192167e-09,4.1467377e-08,6.4817044e-07,6.216781e-08,3.9343508e-08,4.754227e-10
2.3687509e-08,1.5066456e-09,1.05010336e-07,3.7764767e-08,2.5153495e-08,1.5357617e-08,0.99999917,8.964877e-08,4.6276362e-08,1.1044627e-07,8.737548e-09,2.950665e-07
1.5473647e-08,9.0936386e-10,8.89812e-08,2.4344255e-08,1.1564407e-08,1.2059626e-08,0.99999964,5.614501e-08,2.0690909e-08,9.747393e-08,1.0232451e-08,8.348797e-08
2.702089e-08,1.2540375e-09,1.1529634e-07,3.280766e-08,2.4973323e-08,1.1855773e-08,0.9999993,5.461942e-08,2.0715147e-08,1.1048568e-07,8.755433e-09,2.6469354e-07
3.3327217e-07,2.3868563e-06,0.00012743345,1.6095576e-07,5.1917334e-07,0.022505995,3.6004863e-06,0.97730494,4.0024945e-05,1.3773094e-05,6.6605094e-07,2.0712294e-07
3.0015674e-06,4.153464e-08,0.9939685,1.2981909e-07,2.3189482e-07,0.0055140187,3.792112e-06,0.00048548475,1.6041882e-05,6.8250597e-06,1.6408692e-06,2.4768482e-07
2.533552e-08,1.4190607e-10,0.9999999,2.6746774e-09,2.632502e-09,2.6531288e-09,7.272832e-08,1.7222247e-08,1.45028345e-08,1.0721067e-08,2.1652935e-08,1.9803224e-08
5.873304e-09,1.9548816e-08,2.0414501e-07,7.0575554e-09,3.645861e-07,1.6317673e-08,4.042299e-09,8.363641e-07,0.999998,2.7723592e-08,5.367698e-07,7.225641e-08
6.695611e-09,1.9527802e-08,1.9421206e-07,6.7020633e-09,2.7030666e-07,1.8668171e-08,4.2523545e-09,8.2604737e-07,0.9999981,2.6470447e-08,4.829388e-07,6.614201e-08
5.674195e-09,1.9925904e-08,2.0560218e-07,7.193748e-09,3.091126e-07,1.7275642e-08,3.6846988e-09,7.9314225e-07,0.999998,2.7344585e-08,5.241155e-07,7.3712606e-08
2.9862997e-09,2.4897284e-08,1.4945288e-08,1.3364993e-08,9.5856635e-08,1.3021256e-07,9.528947e-09,5.255787e-08,1.8143915e-08,0.99999964,1.6506168e-09,4.1963633e-09
2.672443e-09,1.9839513e-08,1.6428721e-08,1.2869252e-08,1.1580693e-07,1.5237725e-07,1.2982413e-08,7.54189e-08,1.9390802e-08,0.99999964,2.4150233e-09,3.937692e-09
2.6453413e-09,2.758797e-08,1.9953893e-08,9.7730775e-09,8.632715e-08,1.3452556e-07,1.0580124e-08,5.3014766e-08,1.7689366e-08,0.99999964,1.7390612e-09,4.454141e-09
2.235086e-09,2.609142e-08,1.2237605e-07,7.6517026e-08,3.708706e-08,2.3381497e-07,1.3444739e-07,1.8803378e-08,1.7078933e-07,1.2813988e-08,0.99999917,2.2185682e-09
2.6266391e-09,4.67819e-08,3.0213496e-07,1.7185441e-07,7.408444e-08,4.191949e-07,2.0026086e-07,9.695996e-08,3.1165825e-07,2.585387e-07,0.9999981,1.8038601e-09
1.990419e-09,2.8382857e-08,1.467412e-07,9.182497e-08,4.896753e-08,2.7473757e-07,1.3256255e-07,2.1670683e-08,1.8750417e-07,8.9137764e-08,0.99999905,1.231587e-09
6.342115e-07,1.583057e-07,6.74057e-07,4.3396284e-08,1.0609129e-08,7.7046003e-10,1.6315937e-08,4.5571568e-08,4.1579494e-08,3.2324017e-08,4.8898163e-11,0.99999833
7.2701874e-07,1.7419836e-07,9.047972e-07,4.193422e-08,1.2191295e-08,7.727513e-10,1.795934e-08,4.7803415e-08,4.2274e-08,2.8396693e-08,4.5142733e-11,0.9999981
6.168659e-07,1.5508947e-07,5.75796e-07,4.724173e-08,9.023398e-09,8.366712e-10,1.4379445e-08,4.899805e-08,3.7879513e-08,2.4574314e-08,5.2869712e-11,0.99999845
0.9999993,1.9913774e-08,8.2281254e-08,1.5118734e-09,6.718521e-08,3.7483105e-08,2.4394187e-10,7.17431e-10,8.0688634e-10,7.186763e-09,7.2651674e-10,4.2696502e-07
0.9999993,2.0812731e-08,8.201348e-08,1.5036802e-09,6.649817e-08,3.7854985e-08,2.442855e-10,7.66151e-10,8.0358886e-10,6.9702617e-09,7.3695056e-10,4.3561874e-07
0.9999993,2.4229132e-08,8.27408e-08,1.5701818e-09,6.610627e-08,4.0773998e-08,2.625013e-10,7.830372e-10,8.0926765e-10,7.3253923e-09,6.762561e-10,4.5227986e-07
5.3399656e-08,0.9999894,1.6412494e-07,9.199637e-07,2.5821734e-07,4.3853592e-07,1.4882115e-06,6.4696667e-07,1.7958055e-08,9.636136e-09,2.1742692e-07,6.4155224e-06
5.1216112e-08,0.9999893,1.6822162e-07,9.419874e-07,2.608615e-07,4.5294652e-07,1.3919123e-06,6.663346e-07,1.722627e-08,9.308877e-09,2.230839e-07,6.4709716e-06
4.595312e-08,0.9999896,1.7555408e-07,9.2731545e-07,2.6554608e-07,4.269426e-07,1.3020299e-06,6.5711316e-07,1.661191e-08,8.819962e-09,2.2828084e-07,6.3144407e-06
3.7027068e-08,1.3033614e-09,0.9999995,9.980272e-09,2.5738645e-09,7.470274e-09,3.4176594e-07,1.4604844e-08,1.5379138e-08,2.1936767e-08,3.0400642e-08,6.176174e-08
2.9477468e-08,5.7260377e-11,1.0,4.698361e-09,1.0960179e-09,6.017129e-09,4.4813035e-08,9.055464e-09,1.9956298e-08,1.9359875e-08,2.3586674e-08,2.0260437e-08
2.7266358e-08,4.4858707e-11,0.9999999,3.7867487e-09,1.2072212e-09,3.5810868e-09,2.754959e-08,1.32205304e-08,2.07056e-08,1.9504311e-08,2.1206485e-08,2.213921e-08
1.6343089e-08,2.7273064e-08,1.946447e-08,0.99999976,1.2788091e-08,3.877103e-09,1.3557213e-09,7.285749e-10,3.720629e-10,3.229972e-08,9.940056e-09,3.2498564e-09
2.2789498e-08,3.5028663e-08,1.6535136e-08,0.99999976,1.43360035e-08,3.6596937e-09,1.1622072e-09,7.5924717e-10,3.3249117e-10,2.9428362e-08,9.5715915e-09,5.906579e-09
2.0605214e-08,2.911415e-08,1.5171294e-08,0.99999976,1.2549193e-08,4.7874913e-09,1.1712823e-09,5.6882343e-10,3.966743e-10,2.8612144e-08,1.0652129e-08,3.5205068e-09
7.9509455e-08,2.8926939e-08,5.4381427e-10,2.4780118e-08,0.9999994,1.3937368e-08,8.868597e-09,1.0550981e-08,1.09252454e-07,3.776096e-08,1.7661863e-07,3.572433e-10
7.3767715e-08,3.1327875e-08,4.357661e-10,2.2017375e-08,0.9999995,1.0270716e-08,8.13757e-09,1.1005323e-08,1.0414172e-07,3.6187004e-08,2.0674919e-07,4.22987e-10
7.0969996e-08,3.1959168e-08,4.427398e-10,2.2097645e-08,0.9999994,1.2051622e-08,8.816885e-09,9.994347e-09,1.1131996e-07,3.3425398e-08,2.108567e-07,5.0339133e-10
4.654451e-08,5.879055e-08,3.8666137e-10,2.0892235e-09,4.5391593e-09,0.99999964,7.1862725e-09,4.2223704e-08,2.1270861e-07,5.5325188e-08,2.2476266e-08,2.1612555e-10
4.764483e-08,5.5239145e-08,4.3172313e-10,1.8261603e-09,4.8855395e-09,0.99999964,7.077923e-09,4.021843e-08,2.0716351e-07,5.3311464e-08,2.1329068e-08,2.2738064e-10
4.6831964e-08,5.3488066e-08,4.2785142e-10,2.0044781e-09,4.6837925e-09,0.9999995,6.484273e-09,3.390382e-08,2.2261544e-07,5.6289753e-08,2.2315735e-08,2.475997e-10
1.5543428e-08,7.148033e-10,7.172637e-08,2.5741118e-08,8.6966e-09,1.2050016e-08,0.99999964,4.904476e-08,7.3818494e-09,8.540444e-08,1.2424038e-08,2.0971214e-08
1.4295561e-08,7.5082535e-10,7.921204e-08,2.6654192e-08,8.738218e-09,1.2016873e-08,0.99999964,5.610818e-08,6.8784356e-09,8.9562846e-08,1.1922425e-08,2.3434426e-08
1.4830312e-08,8.070283e-10,7.988631e-08,2.6961851e-08,7.7398905e-09,1.3983276e-08,0.99999964,5.040049e-08,7.1108315e-09,8.9583175e-08,1.1341077e-08,3.0580463e-08
3.5608547e-10,9.0397954e-08,5.491736e-08,5.18676e-09,2.9476723e-08,2.072103e-09,5.126228e-08,0.9999995,1.7883644e-07,8.077712e-08,2.147544e-09,1.6260906e-08
3.045913e-09,1.5437027e-07,2.0912296e-08,7.393558e-09,3.1560038e-08,3.942216e-09,5.8113258e-08,0.9999995,1.5742111e-07,7.1388015e-08,2.4926443e-09,2.861743e-08
6.294368e-10,9.0290094e-08,2.3362395e-08,5.225438e-09,2.6878618e-08,1.810612e-09,3.9151075e-08,0.99999964,1.2653788e-07,6.395302e-08,1.5015483e-09,1.2792749e-08
5.4638405e-09,2.0255724e-08,1.95153e-07,8.669081e-09,2.5232407e-07,1.7390828e-08,3.1983747e-09,7.4621045e-07,0.9999982,2.8387488e-08,5.474079e-07,6.869095e-08
5.3622897e-09,2.0352422e-08,2.2597935e-07,9.116621e-09,2.325864e-07,1.633773e-08,2.8282405e-09,7.4199374e-07,0.999998,2.6713694e-08,5.821815e-07,8.137127e-08
5.546263e-09,2.0217893e-08,2.2454667e-07,8.831179e-09,2.3144973e-07,1.6777246e-08,3.0959584e-09,7.517811e-07,0.999998,2.7065266e-08,5.579915e-07,7.866882e-08
2.3703144e-09,1.9173996e-08,1.3564228e-08,1.0071507e-08,1.18035054e-07,1.5130236e-07,1.0162238e-08,6.6874954e-08,1.9353408e-08,0.99999964,2.3081617e-09,3.501715e-09
1.9603952e-09,1.6751823e-08,9.524968e-09,8.574111e-09,1.3296375e-07,1.627061e-07,1.0895609e-08,7.7980104e-08,1.8965835e-08,0.99999964,3.2507117e-09,2.66174e-09
1.8868653e-09,1.709679e-08,9.751757e-09,8.1133456e-09,1.3425485e-07,1.6172481e-07,1.1014121e-08,7.855933e-08,1.8838925e-08,0.9999995,3.651765e-09,2.4866516e-09
1.1960853e-06,7.472084e-06,5.3978467e-05,1.0114984e-05,3.7924501e-06,2.9421074e-06,6.0527173e-06,2.875094e-06,1.6234284e-05,8.7436865e-06,0.999283,0.0006036185
2.4605793e-09,3.8624e-08,1.0330052e-07,5.4553517e-08,2.9317588e-08,1.4280359e-07,1.0088581e-07,1.45156935e-08,1.7329072e-07,8.681384e-09,0.9999993,2.2959117e-08
2.3527242e-09,3.129681e-08,9.4758256e-08,5.606804e-08,3.356511e-08,1.9168492e-07,1.2286122e-07,1.5688114e-08,1.5673541e-07,6.808301e-09,0.99999917,5.1473665e-09
6.4036215e-07,1.7162026e-07,6.418228e-07,3.8789636e-08,1.0767303e-08,8.5014834e-10,1.2966387e-08,4.9266443e-08,3.771824e-08,1.7788716e-08,4.288467e-11,0.99999845
7.634822e-07,2.4082138e-07,7.865579e-07,6.3900465e-08,1.3981224e-08,1.5112313e-09,2.07297e-08,7.107745e-08,4.8310934e-08,2.3111543e-08,2.6158516e-11,0.99999785
6.3021065e-07,1.7550424e-07,5.90174e-07,4.262094e-08,8.120381e-09,1.0143185e-09,1.276692e-08,4.8230675e-08,3.9652665e-08,2.011881e-08,4.533941e-11,0.99999845
0.9999993,1.7255939e-08,7.5263245e-08,2.923532e-09,6.332183e-08,2.996656e-08,2.0048782e-10,5.239085e-10,1.0787718e-09,8.329018e-09,6.0105376e-10,4.082779e-07
0.9999993,1.5173459e-08,7.770777e-08,1.5830253e-09,6.9957174e-08,3.6559268e-08,2.2611338e-10,6.0489036e-10,9.569119e-10,6.6876673e-09,8.261613e-10,3.7801075e-07
0.9999993,2.1447898e-08,7.635011e-08,1.4539739e-09,7.160155e-08,3.7152986e-08,2.4591845e-10,6.845056e-10,8.659665e-10,7.087675e-09,7.179388e-10,3.9630493e-07
4.4183306e-08,0.99998903,1.9241541e-07,1.0105672e-06,2.8441548e-07,4.6435596e-07,1.43934e-06,7.0836893e-07,1.6176992e-08,8.537596e-09,2.4379392e-07,6.551745e-06
3.9607333e-08,0.9999894,1.9903297e-07,9.780289e-07,2.7911616e-07,4.415857e-07,1.2631949e-06,6.9536674e-07,1.5523506e-08,8.1161575e-09,2.4643992e-07,6.4237875e-06
3.5609787e-08,0.9999895,2.1516082e-07,9.614208e-07,2.8437222e-07,4.253255e-07,1.0785345e-06,7.190333e-07,1.4613308e-08,7.648094e-09,2.4908636e-07,6.3764246e-06
2.4173431e-08,9.7419524e-11,0.9999999,1.1367302e-09,8.774608e-10,3.937115e-09,1.7381076e-08,2.1605617e-08,1.6129535e-08,1.4445357e-08,1.2406895e-08,2.8039585e-08
2.4796911e-08,5.277853e-10,0.9999999,1.6120609e-09,8.138018e-10,7.612081e-09,3.146058e-08,2.8994565e-08,1.4397907e-08,1.0846388e-08,1.4775626e-08,4.6584756e-08
2.6321365e-08,1.2716908e-10,0.9999999,1.2723176e-09,7.883426e-10,5.005855e-09,1.5652198e-08,1.7796921e-08,1.6690526e-08,1.5590254e-08,1.0873834e-08,4.193782e-08
7.380891e-08,4.3474128e-07,1.250854e-07,0.9999914,3.789189e-08,8.215496e-09,4.294957e-09,1.09367924e-07,3.7158272e-09,6.6383855e-08,9.332755e-09,7.807426e-06
2.1116271e-08,7.0287555e-08,1.7360332e-08,0.99999964,1.2641201e-08,3.0574674e-09,8.90446e-10,7.66175e-09,5.714506e-10,2.6195151e-08,7.564505e-09,7.306185e-08
2.507835e-08,5.8214347e-08,1.415988e-08,0.9999999,9.7310435e-09,3.337488e-09,9.362425e-10,1.6466392e-09,4.6950616e-10,2.476222e-08,7.3018778e-09,4.7809063e-08
1.6699614e-07,5.1204307e-08,6.532531e-10,2.9860203e-08,0.99999905,5.3982255e-08,1.6397562e-08,2.4494542e-08,2.7585705e-07,6.287591e-08,2.7894006e-07,6.4673444e-10
8.507179e-08,2.8337809e-08,4.105388e-10,2.0294657e-08,0.9999995,1.5337863e-08,7.2452178e-09,1.3585639e-08,1.2209341e-07,3.7156394e-08,1.6730976e-07,3.7905173e-10
1.1963041e-07,4.0942012e-08,5.238106e-10,2.3679425e-08,0.9999993,3.4391316e-08,7.800771e-09,1.1519033e-08,1.8499783e-07,4.5516533e-08,2.4062268e-07,1.1862462e-09
5.1613217e-08,5.7584305e-08,4.158577e-10,2.7278924e-09,5.0004423e-09,0.9999995,7.0710677e-09,3.9306702e-08,2.8694868e-07,5.6210254e-08,2.3303645e-08,1.8432117e-10
6.537691e-07,4.2349055e-07,1.4427384e-08,2.4239004e-08,1.8158644e-06,0.99997175,3.9120497e-08,1.0804482e-07,2.4494053e-05,5.333985e-07,1.8699136e-07,9.089159e-09
6.030374e-08,4.684892e-08,9.388026e-10,2.8666847e-09,8.535289e-09,0.99999917,6.2056773e-09,2.5496105e-08,6.433179e-07,6.596029e-08,2.1109134e-08,2.3596305e-10
3.6778356e-08,2.6590576e-09,1.408426e-07,1.00569885e-07,1.2835122e-07,1.1577063e-08,0.99999857,7.928844e-08,3.0455226e-08,1.388345e-07,8.330014e-09,7.563285e-07
1.4408095e-08,7.7512025e-10,8.0053034e-08,3.0113537e-08,9.988385e-09,1.3905055e-08,0.99999964,5.904261e-08,1.9249335e-08,9.000192e-08,1.0860793e-08,4.7462247e-08
1.4874279e-08,8.139072e-10,8.478169e-08,2.74133e-08,7.51882e-09,1.31251525e-08,0.99999964,5.4553748e-08,7.7278095e-09,9.382079e-08,1.2079955e-08,3.9130693e-08
1.22150885e-08,7.2656786e-07,6.8166685e-08,4.5653618e-08,1.1118046e-07,7.604747e-08,6.571864e-08,0.9999852,7.742179e-07,9.3496276e-08,7.354535e-09,1.2765285e-05
0.0026809806,0.0005804492,6.2865576e-05,0.005330236,0.00033896233,0.20714425,9.2088555e-07,6.840308e-05,0.06538142,6.92471e-05,1.20067925e-05,0.71833026
1.3914623e-06,1.8970306e-06,6.61826e-09,6.204157e-08,1.8683511e-07,0.9999769,1.26973845e-08,3.6962356e-07,1.3171431e-05,4.218167e-07,3.065738e-08,5.653876e-06
5.381921e-09,2.0521949e-08,2.3180472e-07,9.620829e-09,2.425554e-07,1.524896e-08,2.6181706e-09,7.5556676e-07,0.999998,2.6760253e-08,6.301184e-07,8.542646e-08
4.9967173e-09,2.0171942e-08,2.431467e-07,1.2076895e-08,2.1048915e-07,1.4051431e-08,2.240299e-09,7.0839695e-07,0.9999981,2.6842713e-08,6.347021e-07,9.171391e-08
5.608623e-09,2.007786e-08,2.3062282e-07,1.2076685e-08,2.096923e-07,1.4161096e-08,2.2907898e-09,7.4438003e-07,0.999998,2.587452e-08,6.3372335e-07,9.2333316e-08
1.6559489e-09,3.1244035e-08,7.099366e-09,7.7272775e-09,1.13930405e-07,1.8465116e-07,1.1350859e-08,8.4120934e-08,1.845588e-08,0.9999995,9.018505e-09,2.2328668e-09
1.8475034e-09,1.6880568e-08,9.832273e-09,7.748339e-09,1.2654779e-07,1.5927235e-07,1.0965828e-08,7.788467e-08,1.8530873e-08,0.99999964,3.3613161e-09,2.7330225e-09
1.7613941e-09,1.7667416e-08,9.475969e-09,7.739492e-09,1.2002998e-07,1.6611848e-07,1.1173176e-08,7.995903e-08,1.8537024e-08,0.99999964,3.8125263e-09,2.525541e-09
2.2268436e-09,3.0648945e-08,1.3572057e-07,6.585243e-08,3.9870507e-08,2.059042e-07,1.2811502e-07,1.2085342e-08,1.7671377e-07,1.577853e-08,0.99999917,1.9764446e-09
1.8279193e-09,2.3283555e-08,9.7960516e-08,5.74944e-08,3.398552e-08,2.6720593e-07,1.2236929e-07,8.496356e-09,2.003864e-07,1.2856856e-08,0.99999917,1.7889369e-09
1.7357034e-09,2.4166866e-08,1.0409143e-07,6.4342416e-08,3.896236e-08,3.2821313e-07,1.232003e-07,1.0822778e-08,2.0382055e-07,2.4899075e-08,0.99999905,1.3695706e-09
8.31316e-07,2.1233389e-07,1.0469366e-06,4.1687873e-08,1.3846119e-08,1.1408156e-09,2.0416142e-08,5.2808183e-08,5.272264e-08,4.248837e-08,3.4148386e-11,0.99999785
8.700209e-07,2.222824e-07,1.0410592e-06,4.6513183e-08,1.5105662e-08,1.1394345e-09,2.142881e-08,5.5055285e-08,5.4075855e-08,3.9120692e-08,3.313779e-11,0.99999774
9.208946e-07,2.1900485e-07,1.3085942e-06,5.2061097e-08,1.697523e-08,1.3788155e-09,2.1330486e-08,5.1011217e-08,5.627869e-08,3.7048398e-08,2.9539374e-11,0.9999975
0.9999994,9.430837e-09,8.748544e-08,9.724058e-10,7.3532405e-08,4.0406643e-08,2.5469984e-10,6.402359e-10,7.718229e-10,5.665886e-09,1.9852557e-09,3.0718377e-07
0.9999993,1.2250632e-08,8.084446e-08,1.2714798e-09,7.398851e-08,3.8346165e-08,2.5773114e-10,6.1500927e-10,8.193131e-10,5.9967076e-09,1.1637927e-09,3.6038747e-07
0.9999993,1.6216825e-08,7.840378e-08,1.5139136e-09,6.628227e-08,3.7428165e-08,2.424899e-10,7.15365e-10,8.3788554e-10,6.9290107e-09,7.0459405e-10,3.9496283e-07
5.6560605e-08,0.9999894,1.6321215e-07,9.1282544e-07,2.97619e-07,4.5468641e-07,1.8706094e-06,6.3656296e-07,1.8908896e-08,9.094522e-09,2.234981e-07,5.9556396e-06
4.85146e-08,0.9999895,1.7581358e-07,9.3451536e-07,2.8605479e-07,4.3954049e-07,1.4660407e-06,6.577928e-07,1.7021554e-08,8.460067e-09,2.3107988e-07,6.1202004e-06
5.185644e-08,0.99998975,1.620643e-07,9.0712325e-07,2.7980522e-07,4.5954155e-07,1.676107e-06,6.560844e-07,1.7089352e-08,8.727987e-09,2.2113377e-07,5.8641135e-06
3.407609e-08,8.311908e-11,0.9999999,3.3144285e-09,1.0589428e-09,7.399881e-09,3.6368515e-08,8.405901e-09,2.05009e-08,1.6958378e-08,2.2839586e-08,2.6400054e-08
3.19779e-08,6.4474315e-11,0.9999999,3.048483e-09,1.0922885e-09,5.4903424e-09,2.9483537e-08,1.7155987e-08,2.4003434e-08,1.9822155e-08,2.287599e-08,2.833382e-08
3.098459e-08,6.9187475e-11,1.0,2.7842337e-09,1.1781073e-09,4.3268638e-09,3.3979973e-08,1.0380002e-08,1.9011512e-08,1.43581715e-08,1.9903688e-08,2.3203288e-08
6.189253e-08,2.606041e-07,2.809846e-05,0.0039170203,6.255354e-07,6.913093e-07,6.669153e-08,4.555685e-06,2.016083e-07,0.9960459,1.01076914e-07,2.407767e-06
1.4064706e-07,5.5648822e-08,7.464404e-06,0.9999901,2.0759334e-08,4.5656256e-07,1.0009497e-08,8.483275e-09,8.008461e-09,1.6316457e-06,2.6031783e-08,1.00718005e-07
8.206935e-08,2.0239874e-08,3.9587772e-05,0.9999554,1.9527787e-08,4.5493273e-08,7.337852e-09,2.489199e-09,3.7190897e-09,4.8037414e-06,3.0806074e-08,1.6219394e-08
1.9252155e-05,7.285222e-06,4.125924e-08,5.081641e-07,0.0034333002,0.996121,8.100915e-07,3.3000315e-06,0.0003863312,7.640616e-06,2.0070916e-05,4.1600558e-07
6.367618e-06,1.8943027e-06,2.6724447e-08,4.7040723e-07,0.99965656,0.00026963608,3.3164866e-07,4.7804934e-07,4.6075085e-05,2.216418e-06,1.5804197e-05,7.645507e-08
9.449786e-05,2.3152508e-05,3.2260706e-07,2.7339688e-06,0.061877545,0.9372922,3.1407317e-06,5.8285464e-06,0.00064297067,2.5594345e-05,3.0298448e-05,1.7368669e-06
1.5057759e-07,9.138299e-08,1.7010067e-09,4.6765085e-09,2.2683e-07,0.99999774,1.3786851e-08,8.015769e-08,1.396518e-06,1.4524902e-07,7.918047e-08,1.0095254e-09
6.305739e-08,5.2143875e-08,4.7262e-10,3.7068169e-09,8.044572e-09,0.9999993,5.8825833e-09,3.6182097e-08,4.3468873e-07,6.742257e-08,2.8263637e-08,3.007779e-10
6.32047e-07,2.3894515e-07,1.81206e-08,1.098764e-08,5.694635e-07,0.9999956,3.580404e-08,1.8762123e-07,2.1427618e-06,3.4798325e-07,1.2717821e-07,3.041798e-08
1.8068835e-08,7.453747e-10,6.727179e-08,2.4187447e-08,9.433645e-09,1.1667875e-08,0.99999964,4.2049304e-08,7.6000815e-09,8.590649e-08,1.34013165e-08,2.1498527e-08
1.5927364e-08,7.1035894e-10,7.9438685e-08,2.4544129e-08,9.421687e-09,1.1822313e-08,0.99999964,5.261033e-08,9.276112e-09,9.314661e-08,1.2015498e-08,2.9701683e-08
1.4876066e-08,6.9127604e-10,7.852069e-08,2.460295e-08,9.893222e-09,1.1485973e-08,0.99999964,5.2716903e-08,1.05674385e-08,9.063189e-08,1.2702373e-08,2.901879e-08
1.0511712e-09,4.1081688e-07,7.968759e-08,1.9804544e-08,5.2876427e-08,1.3784041e-08,1.15989764e-07,0.999998,5.799809e-07,1.8284857e-07,1.6326359e-08,6.220875e-07
1.2845108e-10,9.581916e-08,1.7832493e-08,3.5164196e-09,1.383561e-08,2.2552564e-09,6.2740696e-08,0.99999964,1.5614154e-07,7.8459756e-08,3.1460616e-09,1.3167554e-08
1.4683486e-10,9.052893e-08,1.5865632e-08,3.877014e-09,1.26519355e-08,2.3475435e-09,6.059767e-08,0.99999964,1.5195786e-07,7.7597456e-08,2.0298132e-09,9.976847e-09
5.14581e-09,1.9612832e-08,2.0630847e-07,8.915956e-09,2.482977e-07,1.6169025e-08,2.7673128e-09,7.837329e-07,0.999998,2.676398e-08,6.0627195e-07,7.756004e-08
5.0938103e-09,2.006048e-08,2.3805978e-07,1.0506064e-08,2.217804e-07,1.5049702e-08,2.5101405e-09,7.55293e-07,0.999998,2.6432854e-08,6.305789e-07,9.1784955e-08
5.7111773e-09,1.990084e-08,1.9651675e-07,7.620087e-09,2.6031285e-07,1.786164e-08,3.683252e-09,7.6873107e-07,0.9999981,2.7621097e-08,4.985874e-07,7.008236e-08
2.935395e-09,8.1074255e-08,1.0277829e-08,9.337424e-09,1.0152671e-07,1.6425093e-07,1.5225588e-08,6.193078e-08,1.503165e-08,0.9999995,2.2908762e-09,5.1757905e-09
1.9165978e-09,2.2116033e-08,8.495063e-09,7.0185036e-09,1.2076666e-07,1.7046072e-07,1.2431434e-08,7.453527e-08,1.804841e-08,0.99999964,3.8247916e-09,2.6817464e-09
1.5492656e-09,1.4575875e-08,8.348441e-09,6.883055e-09,1.3279177e-07,1.7285006e-07,1.1689504e-08,9.132461e-08,1.9485006e-08,0.9999995,5.1028324e-09,2.589222e-09
2.935674e-09,2.7746056e-08,1.3520614e-07,8.298813e-08,3.8887006e-08,2.1244254e-07,1.5880316e-07,1.8699765e-08,1.5838435e-07,2.1005112e-08,0.99999917,2.5356275e-09
5.402493e-07,4.0428263e-06,1.01466385e-05,3.6187753e-06,1.8048042e-06,2.1237054e-06,5.1519914e-06,1.9179347e-06,1.1050096e-05,3.3815209e-06,0.99971694,0.00023941237
9.1436245e-09,4.0524956e-08,1.6029705e-07,8.6800625e-08,4.944345e-08,1.4596645e-07,1.2961914e-07,2.2645153e-08,1.5388031e-07,1.543647e-08,0.99999917,1.2951071e-08
9.989989e-07,9.809564e-07,3.6610024e-06,2.5139934e-07,8.750869e-08,8.846252e-09,1.4105223e-07,1.2840404e-07,5.2291335e-07,4.9290225e-07,3.7470895e-07,0.9999924
2.0035452e-06,3.212315e-06,1.097361e-05,1.1908826e-06,3.87353e-07,6.220302e-08,6.050815e-07,3.5654932e-07,2.6830737e-06,3.0208064e-06,5.4702996e-05,0.9999207
7.6540465e-07,2.5429185e-07,9.542737e-07,8.023227e-08,2.2036138e-08,2.3866351e-09,2.7182468e-08,7.549037e-08,8.3942e-08,6.4309495e-07,1.5013144e-10,0.9999969
